"waveid","sui","suj","distance"
1,"sisu001","sisu001",0
1,"sisu001","sisu002",872
1,"sisu001","sisu003",828
1,"sisu001","sisu004",1071
1,"sisu001","sisu005",744
1,"sisu001","sisu006",851
1,"sisu001","sisu007",1198
1,"sisu001","sisu008",492
1,"sisu001","sisu009",763
1,"sisu001","sisu010",802
1,"sisu001","sisu011",988
1,"sisu001","sisu012",976
1,"sisu001","sisu013",1317
1,"sisu001","sisu014",456
1,"sisu001","sisu015",1539
1,"sisu001","sisu016",732
1,"sisu001","sisu017",504
1,"sisu001","sisu018",469
1,"sisu001","sisu019",480
1,"sisu001","sisu020",859
1,"sisu001","sisu021",377
1,"sisu001","sisu022",900
1,"sisu001","sisu023",358
1,"sisu001","sisu024",175
1,"sisu001","sisu025",378
1,"sisu001","sisu026",902
1,"sisu001","sisu027",1096
1,"sisu001","sisu028",824
1,"sisu001","sisu029",906
1,"sisu001","sisu030",1366
1,"sisu001","sisu031",859
1,"sisu001","sisu032",330
1,"sisu001","sisu033",720
1,"sisu001","sisu034",237
1,"sisu001","sisu035",1387
1,"sisu001","sisu036",1211
1,"sisu001","sisu037",1443
1,"sisu001","sisu038",310
1,"sisu001","sisu039",701
1,"sisu001","sisu040",682
1,"sisu002","sisu001",872
1,"sisu002","sisu002",0
1,"sisu002","sisu003",1638
1,"sisu002","sisu004",662
1,"sisu002","sisu005",402
1,"sisu002","sisu006",486
1,"sisu002","sisu007",575
1,"sisu002","sisu008",1351
1,"sisu002","sisu009",1631
1,"sisu002","sisu010",701
1,"sisu002","sisu011",1142
1,"sisu002","sisu012",1451
1,"sisu002","sisu013",1960
1,"sisu002","sisu014",1157
1,"sisu002","sisu015",1161
1,"sisu002","sisu016",1212
1,"sisu002","sisu017",1027
1,"sisu002","sisu018",853
1,"sisu002","sisu019",975
1,"sisu002","sisu020",923
1,"sisu002","sisu021",1011
1,"sisu002","sisu022",561
1,"sisu002","sisu023",1225
1,"sisu002","sisu024",720
1,"sisu002","sisu025",958
1,"sisu002","sisu026",46
1,"sisu002","sisu027",1395
1,"sisu002","sisu028",603
1,"sisu002","sisu029",1660
1,"sisu002","sisu030",1071
1,"sisu002","sisu031",1649
1,"sisu002","sisu032",778
1,"sisu002","sisu033",603
1,"sisu002","sisu034",795
1,"sisu002","sisu035",1205
1,"sisu002","sisu036",442
1,"sisu002","sisu037",952
1,"sisu002","sisu038",576
1,"sisu002","sisu039",454
1,"sisu002","sisu040",1385
1,"sisu003","sisu001",828
1,"sisu003","sisu002",1638
1,"sisu003","sisu003",0
1,"sisu003","sisu004",1570
1,"sisu003","sisu005",1571
1,"sisu003","sisu006",1427
1,"sisu003","sisu007",1784
1,"sisu003","sisu008",612
1,"sisu003","sisu009",532
1,"sisu003","sisu010",1248
1,"sisu003","sisu011",1097
1,"sisu003","sisu012",716
1,"sisu003","sisu013",645
1,"sisu003","sisu014",499
1,"sisu003","sisu015",1878
1,"sisu003","sisu016",682
1,"sisu003","sisu017",1155
1,"sisu003","sisu018",1220
1,"sisu003","sisu019",736
1,"sisu003","sisu020",1615
1,"sisu003","sisu021",1022
1,"sisu003","sisu022",1725
1,"sisu003","sisu023",503
1,"sisu003","sisu024",1003
1,"sisu003","sisu025",704
1,"sisu003","sisu026",1657
1,"sisu003","sisu027",984
1,"sisu003","sisu028",1332
1,"sisu003","sisu029",187
1,"sisu003","sisu030",1688
1,"sisu003","sisu031",924
1,"sisu003","sisu032",1121
1,"sisu003","sisu033",1237
1,"sisu003","sisu034",1035
1,"sisu003","sisu035",1613
1,"sisu003","sisu036",2022
1,"sisu003","sisu037",1887
1,"sisu003","sisu038",1070
1,"sisu003","sisu039",1529
1,"sisu003","sisu040",1027
1,"sisu004","sisu001",1071
1,"sisu004","sisu002",662
1,"sisu004","sisu003",1570
1,"sisu004","sisu004",0
1,"sisu004","sisu005",1019
1,"sisu004","sisu006",237
1,"sisu004","sisu007",258
1,"sisu004","sisu008",1538
1,"sisu004","sisu009",1772
1,"sisu004","sisu010",323
1,"sisu004","sisu011",662
1,"sisu004","sisu012",1105
1,"sisu004","sisu013",1663
1,"sisu004","sisu014",1085
1,"sisu004","sisu015",521
1,"sisu004","sisu016",942
1,"sisu004","sisu017",1451
1,"sisu004","sisu018",1308
1,"sisu004","sisu019",838
1,"sisu004","sisu020",1512
1,"sisu004","sisu021",1376
1,"sisu004","sisu022",1208
1,"sisu004","sisu023",1329
1,"sisu004","sisu024",1009
1,"sisu004","sisu025",895
1,"sisu004","sisu026",629
1,"sisu004","sisu027",939
1,"sisu004","sisu028",253
1,"sisu004","sisu029",1515
1,"sisu004","sisu030",409
1,"sisu004","sisu031",1929
1,"sisu004","sisu032",1178
1,"sisu004","sisu033",359
1,"sisu004","sisu034",1142
1,"sisu004","sisu035",549
1,"sisu004","sisu036",1045
1,"sisu004","sisu037",374
1,"sisu004","sisu038",799
1,"sisu004","sisu039",1053
1,"sisu004","sisu040",1736
1,"sisu005","sisu001",744
1,"sisu005","sisu002",402
1,"sisu005","sisu003",1571
1,"sisu005","sisu004",1019
1,"sisu005","sisu005",0
1,"sisu005","sisu006",804
1,"sisu005","sisu007",972
1,"sisu005","sisu008",1151
1,"sisu005","sisu009",1437
1,"sisu005","sisu010",960
1,"sisu005","sisu011",1362
1,"sisu005","sisu012",1566
1,"sisu005","sisu013",2009
1,"sisu005","sisu014",1148
1,"sisu005","sisu015",1536
1,"sisu005","sisu016",1310
1,"sisu005","sisu017",703
1,"sisu005","sisu018",527
1,"sisu005","sisu019",1040
1,"sisu005","sisu020",522
1,"sisu005","sisu021",730
1,"sisu005","sisu022",207
1,"sisu005","sisu023",1094
1,"sisu005","sisu024",569
1,"sisu005","sisu025",983
1,"sisu005","sisu026",447
1,"sisu005","sisu027",1579
1,"sisu005","sisu028",889
1,"sisu005","sisu029",1637
1,"sisu005","sisu030",1425
1,"sisu005","sisu031",1370
1,"sisu005","sisu032",513
1,"sisu005","sisu033",846
1,"sisu005","sisu034",570
1,"sisu005","sisu035",1536
1,"sisu005","sisu036",503
1,"sisu005","sisu037",1341
1,"sisu005","sisu038",550
1,"sisu005","sisu039",65
1,"sisu005","sisu040",1080
1,"sisu006","sisu001",851
1,"sisu006","sisu002",486
1,"sisu006","sisu003",1427
1,"sisu006","sisu004",237
1,"sisu006","sisu005",804
1,"sisu006","sisu006",0
1,"sisu006","sisu007",362
1,"sisu006","sisu008",1331
1,"sisu006","sisu009",1577
1,"sisu006","sisu010",243
1,"sisu006","sisu011",682
1,"sisu006","sisu012",1061
1,"sisu006","sisu013",1607
1,"sisu006","sisu014",930
1,"sisu006","sisu015",755
1,"sisu006","sisu016",857
1,"sisu006","sisu017",1214
1,"sisu006","sisu018",1071
1,"sisu006","sisu019",693
1,"sisu006","sisu020",1283
1,"sisu006","sisu021",1142
1,"sisu006","sisu022",1000
1,"sisu006","sisu023",1135
1,"sisu006","sisu024",778
1,"sisu006","sisu025",729
1,"sisu006","sisu026",462
1,"sisu006","sisu027",951
1,"sisu006","sisu028",132
1,"sisu006","sisu029",1397
1,"sisu006","sisu030",625
1,"sisu006","sisu031",1710
1,"sisu006","sisu032",942
1,"sisu006","sisu033",194
1,"sisu006","sisu034",908
1,"sisu006","sisu035",734
1,"sisu006","sisu036",910
1,"sisu006","sisu037",607
1,"sisu006","sisu038",568
1,"sisu006","sisu039",831
1,"sisu006","sisu040",1506
1,"sisu007","sisu001",1198
1,"sisu007","sisu002",575
1,"sisu007","sisu003",1784
1,"sisu007","sisu004",258
1,"sisu007","sisu005",972
1,"sisu007","sisu006",362
1,"sisu007","sisu007",0
1,"sisu007","sisu008",1684
1,"sisu007","sisu009",1936
1,"sisu007","sisu010",550
1,"sisu007","sisu011",921
1,"sisu007","sisu012",1358
1,"sisu007","sisu013",1915
1,"sisu007","sisu014",1289
1,"sisu007","sisu015",613
1,"sisu007","sisu016",1183
1,"sisu007","sisu017",1511
1,"sisu007","sisu018",1352
1,"sisu007","sisu019",1048
1,"sisu007","sisu020",1489
1,"sisu007","sisu021",1457
1,"sisu007","sisu022",1135
1,"sisu007","sisu023",1495
1,"sisu007","sisu024",1104
1,"sisu007","sisu025",1090
1,"sisu007","sisu026",532
1,"sisu007","sisu027",1198
1,"sisu007","sisu028",453
1,"sisu007","sisu029",1744
1,"sisu007","sisu030",575
1,"sisu007","sisu031",2052
1,"sisu007","sisu032",1240
1,"sisu007","sisu033",547
1,"sisu007","sisu034",1222
1,"sisu007","sisu035",748
1,"sisu007","sisu036",877
1,"sisu007","sisu037",384
1,"sisu007","sisu038",899
1,"sisu007","sisu039",1018
1,"sisu007","sisu040",1830
1,"sisu008","sisu001",492
1,"sisu008","sisu002",1351
1,"sisu008","sisu003",612
1,"sisu008","sisu004",1538
1,"sisu008","sisu005",1151
1,"sisu008","sisu006",1331
1,"sisu008","sisu007",1684
1,"sisu008","sisu008",0
1,"sisu008","sisu009",286
1,"sisu008","sisu010",1245
1,"sisu008","sisu011",1311
1,"sisu008","sisu012",1117
1,"sisu008","sisu013",1243
1,"sisu008","sisu014",601
1,"sisu008","sisu015",1973
1,"sisu008","sisu016",942
1,"sisu008","sisu017",579
1,"sisu008","sisu018",689
1,"sisu008","sisu019",793
1,"sisu008","sisu020",1056
1,"sisu008","sisu021",465
1,"sisu008","sisu022",1258
1,"sisu008","sisu023",245
1,"sisu008","sisu024",631
1,"sisu008","sisu025",695
1,"sisu008","sisu026",1384
1,"sisu008","sisu027",1325
1,"sisu008","sisu028",1286
1,"sisu008","sisu029",773
1,"sisu008","sisu030",1791
1,"sisu008","sisu031",426
1,"sisu008","sisu032",642
1,"sisu008","sisu033",1180
1,"sisu008","sisu034",583
1,"sisu008","sisu035",1779
1,"sisu008","sisu036",1647
1,"sisu008","sisu037",1904
1,"sisu008","sisu038",801
1,"sisu008","sisu039",1095
1,"sisu008","sisu040",421
1,"sisu009","sisu001",763
1,"sisu009","sisu002",1631
1,"sisu009","sisu003",532
1,"sisu009","sisu004",1772
1,"sisu009","sisu005",1437
1,"sisu009","sisu006",1577
1,"sisu009","sisu007",1936
1,"sisu009","sisu008",286
1,"sisu009","sisu009",0
1,"sisu009","sisu010",1465
1,"sisu009","sisu011",1462
1,"sisu009","sisu012",1181
1,"sisu009","sisu013",1172
1,"sisu009","sisu014",745
1,"sisu009","sisu015",2176
1,"sisu009","sisu016",1060
1,"sisu009","sisu017",835
1,"sisu009","sisu018",963
1,"sisu009","sisu019",974
1,"sisu009","sisu020",1311
1,"sisu009","sisu021",737
1,"sisu009","sisu022",1539
1,"sisu009","sisu023",443
1,"sisu009","sisu024",913
1,"sisu009","sisu025",891
1,"sisu009","sisu026",1663
1,"sisu009","sisu027",1424
1,"sisu009","sisu028",1519
1,"sisu009","sisu029",717
1,"sisu009","sisu030",1990
1,"sisu009","sisu031",398
1,"sisu009","sisu032",926
1,"sisu009","sisu033",1414
1,"sisu009","sisu034",869
1,"sisu009","sisu035",1956
1,"sisu009","sisu036",1933
1,"sisu009","sisu037",2130
1,"sisu009","sisu038",1072
1,"sisu009","sisu039",1380
1,"sisu009","sisu040",574
1,"sisu010","sisu001",802
1,"sisu010","sisu002",701
1,"sisu010","sisu003",1248
1,"sisu010","sisu004",323
1,"sisu010","sisu005",960
1,"sisu010","sisu006",243
1,"sisu010","sisu007",550
1,"sisu010","sisu008",1245
1,"sisu010","sisu009",1465
1,"sisu010","sisu010",0
1,"sisu010","sisu011",444
1,"sisu010","sisu012",823
1,"sisu010","sisu013",1374
1,"sisu010","sisu014",764
1,"sisu010","sisu015",737
1,"sisu010","sisu016",633
1,"sisu010","sisu017",1239
1,"sisu010","sisu018",1120
1,"sisu010","sisu019",516
1,"sisu010","sisu020",1392
1,"sisu010","sisu021",1144
1,"sisu010","sisu022",1165
1,"sisu010","sisu023",1025
1,"sisu010","sisu024",779
1,"sisu010","sisu025",579
1,"sisu010","sisu026",685
1,"sisu010","sisu027",709
1,"sisu010","sisu028",112
1,"sisu010","sisu029",1196
1,"sisu010","sisu030",566
1,"sisu010","sisu031",1650
1,"sisu010","sisu032",975
1,"sisu010","sisu033",115
1,"sisu010","sisu034",920
1,"sisu010","sisu035",614
1,"sisu010","sisu036",1138
1,"sisu010","sisu037",665
1,"sisu010","sisu038",579
1,"sisu010","sisu039",974
1,"sisu010","sisu040",1483
1,"sisu011","sisu001",988
1,"sisu011","sisu002",1142
1,"sisu011","sisu003",1097
1,"sisu011","sisu004",662
1,"sisu011","sisu005",1362
1,"sisu011","sisu006",682
1,"sisu011","sisu007",921
1,"sisu011","sisu008",1311
1,"sisu011","sisu009",1462
1,"sisu011","sisu010",444
1,"sisu011","sisu011",0
1,"sisu011","sisu012",473
1,"sisu011","sisu013",1026
1,"sisu011","sisu014",720
1,"sisu011","sisu015",797
1,"sisu011","sisu016",417
1,"sisu011","sisu017",1485
1,"sisu011","sisu018",1406
1,"sisu011","sisu019",527
1,"sisu011","sisu020",1736
1,"sisu011","sisu021",1364
1,"sisu011","sisu022",1569
1,"sisu011","sisu023",1067
1,"sisu011","sisu024",1040
1,"sisu011","sisu025",633
1,"sisu011","sisu026",1128
1,"sisu011","sisu027",277
1,"sisu011","sisu028",551
1,"sisu011","sisu029",985
1,"sisu011","sisu030",611
1,"sisu011","sisu031",1737
1,"sisu011","sisu032",1254
1,"sisu011","sisu033",540
1,"sisu011","sisu034",1177
1,"sisu011","sisu035",516
1,"sisu011","sisu036",1581
1,"sisu011","sisu037",862
1,"sisu011","sisu038",885
1,"sisu011","sisu039",1366
1,"sisu011","sisu040",1643
1,"sisu012","sisu001",976
1,"sisu012","sisu002",1451
1,"sisu012","sisu003",716
1,"sisu012","sisu004",1105
1,"sisu012","sisu005",1566
1,"sisu012","sisu006",1061
1,"sisu012","sisu007",1358
1,"sisu012","sisu008",1117
1,"sisu012","sisu009",1181
1,"sisu012","sisu010",823
1,"sisu012","sisu011",473
1,"sisu012","sisu012",0
1,"sisu012","sisu013",559
1,"sisu012","sisu014",547
1,"sisu012","sisu015",1262
1,"sisu012","sisu016",257
1,"sisu012","sisu017",1468
1,"sisu012","sisu018",1444
1,"sisu012","sisu019",532
1,"sisu012","sisu020",1825
1,"sisu012","sisu021",1330
1,"sisu012","sisu022",1764
1,"sisu012","sisu023",885
1,"sisu012","sisu024",1098
1,"sisu012","sisu025",612
1,"sisu012","sisu026",1450
1,"sisu012","sisu027",275
1,"sisu012","sisu028",933
1,"sisu012","sisu029",564
1,"sisu012","sisu030",1081
1,"sisu012","sisu031",1525
1,"sisu012","sisu032",1299
1,"sisu012","sisu033",878
1,"sisu012","sisu034",1208
1,"sisu012","sisu035",963
1,"sisu012","sisu036",1890
1,"sisu012","sisu037",1335
1,"sisu012","sisu038",1022
1,"sisu012","sisu039",1550
1,"sisu012","sisu040",1514
1,"sisu013","sisu001",1317
1,"sisu013","sisu002",1960
1,"sisu013","sisu003",645
1,"sisu013","sisu004",1663
1,"sisu013","sisu005",2009
1,"sisu013","sisu006",1607
1,"sisu013","sisu007",1915
1,"sisu013","sisu008",1243
1,"sisu013","sisu009",1172
1,"sisu013","sisu010",1374
1,"sisu013","sisu011",1026
1,"sisu013","sisu012",559
1,"sisu013","sisu013",0
1,"sisu013","sisu014",868
1,"sisu013","sisu015",1795
1,"sisu013","sisu016",755
1,"sisu013","sisu017",1740
1,"sisu013","sisu018",1769
1,"sisu013","sisu019",988
1,"sisu013","sisu020",2168
1,"sisu013","sisu021",1600
1,"sisu013","sisu022",2193
1,"sisu013","sisu023",1079
1,"sisu013","sisu024",1475
1,"sisu013","sisu025",1029
1,"sisu013","sisu026",1965
1,"sisu013","sisu027",781
1,"sisu013","sisu028",1482
1,"sisu013","sisu029",470
1,"sisu013","sisu030",1621
1,"sisu013","sisu031",1568
1,"sisu013","sisu032",1644
1,"sisu013","sisu033",1418
1,"sisu013","sisu034",1551
1,"sisu013","sisu035",1484
1,"sisu013","sisu036",2388
1,"sisu013","sisu037",1887
1,"sisu013","sisu038",1462
1,"sisu013","sisu039",1981
1,"sisu013","sisu040",1663
1,"sisu014","sisu001",456
1,"sisu014","sisu002",1157
1,"sisu014","sisu003",499
1,"sisu014","sisu004",1085
1,"sisu014","sisu005",1148
1,"sisu014","sisu006",930
1,"sisu014","sisu007",1289
1,"sisu014","sisu008",601
1,"sisu014","sisu009",745
1,"sisu014","sisu010",764
1,"sisu014","sisu011",720
1,"sisu014","sisu012",547
1,"sisu014","sisu013",868
1,"sisu014","sisu014",0
1,"sisu014","sisu015",1442
1,"sisu014","sisu016",342
1,"sisu014","sisu017",927
1,"sisu014","sisu018",921
1,"sisu014","sisu019",248
1,"sisu014","sisu020",1315
1,"sisu014","sisu021",787
1,"sisu014","sisu022",1327
1,"sisu014","sisu023",358
1,"sisu014","sisu024",607
1,"sisu014","sisu025",206
1,"sisu014","sisu026",1172
1,"sisu014","sisu027",727
1,"sisu014","sisu028",841
1,"sisu014","sisu029",503
1,"sisu014","sisu030",1254
1,"sisu014","sisu031",1026
1,"sisu014","sisu032",786
1,"sisu014","sisu033",743
1,"sisu014","sisu034",693
1,"sisu014","sisu035",1212
1,"sisu014","sisu036",1561
1,"sisu014","sisu037",1420
1,"sisu014","sisu038",610
1,"sisu014","sisu039",1117
1,"sisu014","sisu040",975
1,"sisu015","sisu001",1539
1,"sisu015","sisu002",1161
1,"sisu015","sisu003",1878
1,"sisu015","sisu004",521
1,"sisu015","sisu005",1536
1,"sisu015","sisu006",755
1,"sisu015","sisu007",613
1,"sisu015","sisu008",1973
1,"sisu015","sisu009",2176
1,"sisu015","sisu010",737
1,"sisu015","sisu011",797
1,"sisu015","sisu012",1262
1,"sisu015","sisu013",1795
1,"sisu015","sisu014",1442
1,"sisu015","sisu015",0
1,"sisu015","sisu016",1198
1,"sisu015","sisu017",1956
1,"sisu015","sisu018",1822
1,"sisu015","sisu019",1203
1,"sisu015","sisu020",2033
1,"sisu015","sisu021",1871
1,"sisu015","sisu022",1718
1,"sisu015","sisu023",1744
1,"sisu015","sisu024",1504
1,"sisu015","sisu025",1287
1,"sisu015","sisu026",1122
1,"sisu015","sisu027",1014
1,"sisu015","sisu028",728
1,"sisu015","sisu029",1779
1,"sisu015","sisu030",190
1,"sisu015","sisu031",2384
1,"sisu015","sisu032",1686
1,"sisu015","sisu033",824
1,"sisu015","sisu034",1642
1,"sisu015","sisu035",317
1,"sisu015","sisu036",1490
1,"sisu015","sisu037",246
1,"sisu015","sisu038",1296
1,"sisu015","sisu039",1572
1,"sisu015","sisu040",2218
1,"sisu016","sisu001",732
1,"sisu016","sisu002",1212
1,"sisu016","sisu003",682
1,"sisu016","sisu004",942
1,"sisu016","sisu005",1310
1,"sisu016","sisu006",857
1,"sisu016","sisu007",1183
1,"sisu016","sisu008",942
1,"sisu016","sisu009",1060
1,"sisu016","sisu010",633
1,"sisu016","sisu011",417
1,"sisu016","sisu012",257
1,"sisu016","sisu013",755
1,"sisu016","sisu014",342
1,"sisu016","sisu015",1198
1,"sisu016","sisu016",0
1,"sisu016","sisu017",1232
1,"sisu016","sisu018",1197
1,"sisu016","sisu019",274
1,"sisu016","sisu020",1573
1,"sisu016","sisu021",1097
1,"sisu016","sisu022",1507
1,"sisu016","sisu023",699
1,"sisu016","sisu024",844
1,"sisu016","sisu025",359
1,"sisu016","sisu026",1214
1,"sisu016","sisu027",385
1,"sisu016","sisu028",737
1,"sisu016","sisu029",586
1,"sisu016","sisu030",1008
1,"sisu016","sisu031",1364
1,"sisu016","sisu032",1049
1,"sisu016","sisu033",665
1,"sisu016","sisu034",960
1,"sisu016","sisu035",931
1,"sisu016","sisu036",1647
1,"sisu016","sisu037",1224
1,"sisu016","sisu038",765
1,"sisu016","sisu039",1293
1,"sisu016","sisu040",1314
1,"sisu017","sisu001",504
1,"sisu017","sisu002",1027
1,"sisu017","sisu003",1155
1,"sisu017","sisu004",1451
1,"sisu017","sisu005",703
1,"sisu017","sisu006",1214
1,"sisu017","sisu007",1511
1,"sisu017","sisu008",579
1,"sisu017","sisu009",835
1,"sisu017","sisu010",1239
1,"sisu017","sisu011",1485
1,"sisu017","sisu012",1468
1,"sisu017","sisu013",1740
1,"sisu017","sisu014",927
1,"sisu017","sisu015",1956
1,"sisu017","sisu016",1232
1,"sisu017","sisu017",0
1,"sisu017","sisu018",177
1,"sisu017","sisu019",984
1,"sisu017","sisu020",478
1,"sisu017","sisu021",141
1,"sisu017","sisu022",744
1,"sisu017","sisu023",664
1,"sisu017","sisu024",460
1,"sisu017","sisu025",882
1,"sisu017","sisu026",1069
1,"sisu017","sisu027",1600
1,"sisu017","sisu028",1229
1,"sisu017","sisu029",1287
1,"sisu017","sisu030",1799
1,"sisu017","sisu031",677
1,"sisu017","sisu032",273
1,"sisu017","sisu033",1137
1,"sisu017","sisu034",319
1,"sisu017","sisu035",1847
1,"sisu017","sisu036",1199
1,"sisu017","sisu037",1821
1,"sisu017","sisu038",661
1,"sisu017","sisu039",638
1,"sisu017","sisu040",378
1,"sisu018","sisu001",469
1,"sisu018","sisu002",853
1,"sisu018","sisu003",1220
1,"sisu018","sisu004",1308
1,"sisu018","sisu005",527
1,"sisu018","sisu006",1071
1,"sisu018","sisu007",1352
1,"sisu018","sisu008",689
1,"sisu018","sisu009",963
1,"sisu018","sisu010",1120
1,"sisu018","sisu011",1406
1,"sisu018","sisu012",1444
1,"sisu018","sisu013",1769
1,"sisu018","sisu014",921
1,"sisu018","sisu015",1822
1,"sisu018","sisu016",1197
1,"sisu018","sisu017",177
1,"sisu018","sisu018",0
1,"sisu018","sisu019",934
1,"sisu018","sisu020",399
1,"sisu018","sisu021",226
1,"sisu018","sisu022",583
1,"sisu018","sisu023",718
1,"sisu018","sisu024",367
1,"sisu018","sisu025",838
1,"sisu018","sisu026",896
1,"sisu018","sisu027",1548
1,"sisu018","sisu028",1099
1,"sisu018","sisu029",1333
1,"sisu018","sisu030",1672
1,"sisu018","sisu031",846
1,"sisu018","sisu032",153
1,"sisu018","sisu033",1013
1,"sisu018","sisu034",237
1,"sisu018","sisu035",1733
1,"sisu018","sisu036",1026
1,"sisu018","sisu037",1674
1,"sisu018","sisu038",542
1,"sisu018","sisu039",462
1,"sisu018","sisu040",553
1,"sisu019","sisu001",480
1,"sisu019","sisu002",975
1,"sisu019","sisu003",736
1,"sisu019","sisu004",838
1,"sisu019","sisu005",1040
1,"sisu019","sisu006",693
1,"sisu019","sisu007",1048
1,"sisu019","sisu008",793
1,"sisu019","sisu009",974
1,"sisu019","sisu010",516
1,"sisu019","sisu011",527
1,"sisu019","sisu012",532
1,"sisu019","sisu013",988
1,"sisu019","sisu014",248
1,"sisu019","sisu015",1203
1,"sisu019","sisu016",274
1,"sisu019","sisu017",984
1,"sisu019","sisu018",934
1,"sisu019","sisu019",0
1,"sisu019","sisu020",1302
1,"sisu019","sisu021",855
1,"sisu019","sisu022",1235
1,"sisu019","sisu023",552
1,"sisu019","sisu024",575
1,"sisu019","sisu025",106
1,"sisu019","sisu026",983
1,"sisu019","sisu027",616
1,"sisu019","sisu028",597
1,"sisu019","sisu029",708
1,"sisu019","sisu030",1015
1,"sisu019","sisu031",1217
1,"sisu019","sisu032",783
1,"sisu019","sisu033",502
1,"sisu019","sisu034",697
1,"sisu019","sisu035",988
1,"sisu019","sisu036",1400
1,"sisu019","sisu037",1173
1,"sisu019","sisu038",492
1,"sisu019","sisu039",1021
1,"sisu019","sisu040",1116
1,"sisu020","sisu001",859
1,"sisu020","sisu002",923
1,"sisu020","sisu003",1615
1,"sisu020","sisu004",1512
1,"sisu020","sisu005",522
1,"sisu020","sisu006",1283
1,"sisu020","sisu007",1489
1,"sisu020","sisu008",1056
1,"sisu020","sisu009",1311
1,"sisu020","sisu010",1392
1,"sisu020","sisu011",1736
1,"sisu020","sisu012",1825
1,"sisu020","sisu013",2168
1,"sisu020","sisu014",1315
1,"sisu020","sisu015",2033
1,"sisu020","sisu016",1573
1,"sisu020","sisu017",478
1,"sisu020","sisu018",399
1,"sisu020","sisu019",1302
1,"sisu020","sisu020",0
1,"sisu020","sisu021",597
1,"sisu020","sisu022",421
1,"sisu020","sisu023",1114
1,"sisu020","sisu024",728
1,"sisu020","sisu025",1214
1,"sisu020","sisu026",969
1,"sisu020","sisu027",1906
1,"sisu020","sisu028",1344
1,"sisu020","sisu029",1732
1,"sisu020","sisu030",1907
1,"sisu020","sisu031",1105
1,"sisu020","sisu032",530
1,"sisu020","sisu033",1277
1,"sisu020","sisu034",622
1,"sisu020","sisu035",1997
1,"sisu020","sisu036",908
1,"sisu020","sisu037",1851
1,"sisu020","sisu038",851
1,"sisu020","sisu039",471
1,"sisu020","sisu040",800
1,"sisu021","sisu001",377
1,"sisu021","sisu002",1011
1,"sisu021","sisu003",1022
1,"sisu021","sisu004",1376
1,"sisu021","sisu005",730
1,"sisu021","sisu006",1142
1,"sisu021","sisu007",1457
1,"sisu021","sisu008",465
1,"sisu021","sisu009",737
1,"sisu021","sisu010",1144
1,"sisu021","sisu011",1364
1,"sisu021","sisu012",1330
1,"sisu021","sisu013",1600
1,"sisu021","sisu014",787
1,"sisu021","sisu015",1871
1,"sisu021","sisu016",1097
1,"sisu021","sisu017",141
1,"sisu021","sisu018",226
1,"sisu021","sisu019",855
1,"sisu021","sisu020",597
1,"sisu021","sisu021",0
1,"sisu021","sisu022",806
1,"sisu021","sisu023",526
1,"sisu021","sisu024",368
1,"sisu021","sisu025",751
1,"sisu021","sisu026",1051
1,"sisu021","sisu027",1468
1,"sisu021","sisu028",1144
1,"sisu021","sisu029",1150
1,"sisu021","sisu030",1708
1,"sisu021","sisu031",644
1,"sisu021","sisu032",232
1,"sisu021","sisu033",1047
1,"sisu021","sisu034",236
1,"sisu021","sisu035",1746
1,"sisu021","sisu036",1233
1,"sisu021","sisu037",1749
1,"sisu021","sisu038",577
1,"sisu021","sisu039",668
1,"sisu021","sisu040",377
1,"sisu022","sisu001",900
1,"sisu022","sisu002",561
1,"sisu022","sisu003",1725
1,"sisu022","sisu004",1208
1,"sisu022","sisu005",207
1,"sisu022","sisu006",1000
1,"sisu022","sisu007",1135
1,"sisu022","sisu008",1258
1,"sisu022","sisu009",1539
1,"sisu022","sisu010",1165
1,"sisu022","sisu011",1569
1,"sisu022","sisu012",1764
1,"sisu022","sisu013",2193
1,"sisu022","sisu014",1327
1,"sisu022","sisu015",1718
1,"sisu022","sisu016",1507
1,"sisu022","sisu017",744
1,"sisu022","sisu018",583
1,"sisu022","sisu019",1235
1,"sisu022","sisu020",421
1,"sisu022","sisu021",806
1,"sisu022","sisu022",0
1,"sisu022","sisu023",1234
1,"sisu022","sisu024",728
1,"sisu022","sisu025",1172
1,"sisu022","sisu026",604
1,"sisu022","sisu027",1784
1,"sisu022","sisu028",1091
1,"sisu022","sisu029",1804
1,"sisu022","sisu030",1616
1,"sisu022","sisu031",1420
1,"sisu022","sisu032",620
1,"sisu022","sisu033",1051
1,"sisu022","sisu034",696
1,"sisu022","sisu035",1734
1,"sisu022","sisu036",490
1,"sisu022","sisu037",1513
1,"sisu022","sisu038",743
1,"sisu022","sisu039",214
1,"sisu022","sisu040",1118
1,"sisu023","sisu001",358
1,"sisu023","sisu002",1225
1,"sisu023","sisu003",503
1,"sisu023","sisu004",1329
1,"sisu023","sisu005",1094
1,"sisu023","sisu006",1135
1,"sisu023","sisu007",1495
1,"sisu023","sisu008",245
1,"sisu023","sisu009",443
1,"sisu023","sisu010",1025
1,"sisu023","sisu011",1067
1,"sisu023","sisu012",885
1,"sisu023","sisu013",1079
1,"sisu023","sisu014",358
1,"sisu023","sisu015",1744
1,"sisu023","sisu016",699
1,"sisu023","sisu017",664
1,"sisu023","sisu018",718
1,"sisu023","sisu019",552
1,"sisu023","sisu020",1114
1,"sisu023","sisu021",526
1,"sisu023","sisu022",1234
1,"sisu023","sisu023",0
1,"sisu023","sisu024",529
1,"sisu023","sisu025",459
1,"sisu023","sisu026",1252
1,"sisu023","sisu027",1083
1,"sisu023","sisu028",1076
1,"sisu023","sisu029",623
1,"sisu023","sisu030",1560
1,"sisu023","sisu031",671
1,"sisu023","sisu032",621
1,"sisu023","sisu033",971
1,"sisu023","sisu034",539
1,"sisu023","sisu035",1540
1,"sisu023","sisu036",1568
1,"sisu023","sisu037",1689
1,"sisu023","sisu038",651
1,"sisu023","sisu039",1046
1,"sisu023","sisu040",629
1,"sisu024","sisu001",175
1,"sisu024","sisu002",720
1,"sisu024","sisu003",1003
1,"sisu024","sisu004",1009
1,"sisu024","sisu005",569
1,"sisu024","sisu006",778
1,"sisu024","sisu007",1104
1,"sisu024","sisu008",631
1,"sisu024","sisu009",913
1,"sisu024","sisu010",779
1,"sisu024","sisu011",1040
1,"sisu024","sisu012",1098
1,"sisu024","sisu013",1475
1,"sisu024","sisu014",607
1,"sisu024","sisu015",1504
1,"sisu024","sisu016",844
1,"sisu024","sisu017",460
1,"sisu024","sisu018",367
1,"sisu024","sisu019",575
1,"sisu024","sisu020",728
1,"sisu024","sisu021",368
1,"sisu024","sisu022",728
1,"sisu024","sisu023",529
1,"sisu024","sisu024",0
1,"sisu024","sisu025",486
1,"sisu024","sisu026",753
1,"sisu024","sisu027",1184
1,"sisu024","sisu028",777
1,"sisu024","sisu029",1076
1,"sisu024","sisu030",1343
1,"sisu024","sisu031",953
1,"sisu024","sisu032",214
1,"sisu024","sisu033",681
1,"sisu024","sisu034",142
1,"sisu024","sisu035",1387
1,"sisu024","sisu036",1039
1,"sisu024","sisu037",1383
1,"sisu024","sisu038",210
1,"sisu024","sisu039",526
1,"sisu024","sisu040",729
1,"sisu025","sisu001",378
1,"sisu025","sisu002",958
1,"sisu025","sisu003",704
1,"sisu025","sisu004",895
1,"sisu025","sisu005",983
1,"sisu025","sisu006",729
1,"sisu025","sisu007",1090
1,"sisu025","sisu008",695
1,"sisu025","sisu009",891
1,"sisu025","sisu010",579
1,"sisu025","sisu011",633
1,"sisu025","sisu012",612
1,"sisu025","sisu013",1029
1,"sisu025","sisu014",206
1,"sisu025","sisu015",1287
1,"sisu025","sisu016",359
1,"sisu025","sisu017",882
1,"sisu025","sisu018",838
1,"sisu025","sisu019",106
1,"sisu025","sisu020",1214
1,"sisu025","sisu021",751
1,"sisu025","sisu022",1172
1,"sisu025","sisu023",459
1,"sisu025","sisu024",486
1,"sisu025","sisu025",0
1,"sisu025","sisu026",971
1,"sisu025","sisu027",718
1,"sisu025","sisu028",646
1,"sisu025","sisu029",703
1,"sisu025","sisu030",1102
1,"sisu025","sisu031",1117
1,"sisu025","sisu032",690
1,"sisu025","sisu033",545
1,"sisu025","sisu034",601
1,"sisu025","sisu035",1084
1,"sisu025","sisu036",1370
1,"sisu025","sisu037",1243
1,"sisu025","sisu038",434
1,"sisu025","sisu039",958
1,"sisu025","sisu040",1010
1,"sisu026","sisu001",902
1,"sisu026","sisu002",46
1,"sisu026","sisu003",1657
1,"sisu026","sisu004",629
1,"sisu026","sisu005",447
1,"sisu026","sisu006",462
1,"sisu026","sisu007",532
1,"sisu026","sisu008",1384
1,"sisu026","sisu009",1663
1,"sisu026","sisu010",685
1,"sisu026","sisu011",1128
1,"sisu026","sisu012",1450
1,"sisu026","sisu013",1965
1,"sisu026","sisu014",1172
1,"sisu026","sisu015",1122
1,"sisu026","sisu016",1214
1,"sisu026","sisu017",1069
1,"sisu026","sisu018",896
1,"sisu026","sisu019",983
1,"sisu026","sisu020",969
1,"sisu026","sisu021",1051
1,"sisu026","sisu022",604
1,"sisu026","sisu023",1252
1,"sisu026","sisu024",753
1,"sisu026","sisu025",971
1,"sisu026","sisu026",0
1,"sisu026","sisu027",1385
1,"sisu026","sisu028",584
1,"sisu026","sisu029",1674
1,"sisu026","sisu030",1036
1,"sisu026","sisu031",1687
1,"sisu026","sisu032",819
1,"sisu026","sisu033",592
1,"sisu026","sisu034",832
1,"sisu026","sisu035",1174
1,"sisu026","sisu036",453
1,"sisu026","sisu037",911
1,"sisu026","sisu038",601
1,"sisu026","sisu039",500
1,"sisu026","sisu040",1426
1,"sisu027","sisu001",1096
1,"sisu027","sisu002",1395
1,"sisu027","sisu003",984
1,"sisu027","sisu004",939
1,"sisu027","sisu005",1579
1,"sisu027","sisu006",951
1,"sisu027","sisu007",1198
1,"sisu027","sisu008",1325
1,"sisu027","sisu009",1424
1,"sisu027","sisu010",709
1,"sisu027","sisu011",277
1,"sisu027","sisu012",275
1,"sisu027","sisu013",781
1,"sisu027","sisu014",727
1,"sisu027","sisu015",1014
1,"sisu027","sisu016",385
1,"sisu027","sisu017",1600
1,"sisu027","sisu018",1548
1,"sisu027","sisu019",616
1,"sisu027","sisu020",1906
1,"sisu027","sisu021",1468
1,"sisu027","sisu022",1784
1,"sisu027","sisu023",1083
1,"sisu027","sisu024",1184
1,"sisu027","sisu025",718
1,"sisu027","sisu026",1385
1,"sisu027","sisu027",0
1,"sisu027","sisu028",819
1,"sisu027","sisu029",839
1,"sisu027","sisu030",840
1,"sisu027","sisu031",1745
1,"sisu027","sisu032",1396
1,"sisu027","sisu033",793
1,"sisu027","sisu034",1311
1,"sisu027","sisu035",705
1,"sisu027","sisu036",1837
1,"sisu027","sisu037",1114
1,"sisu027","sisu038",1063
1,"sisu027","sisu039",1574
1,"sisu027","sisu040",1699
1,"sisu028","sisu001",824
1,"sisu028","sisu002",603
1,"sisu028","sisu003",1332
1,"sisu028","sisu004",253
1,"sisu028","sisu005",889
1,"sisu028","sisu006",132
1,"sisu028","sisu007",453
1,"sisu028","sisu008",1286
1,"sisu028","sisu009",1519
1,"sisu028","sisu010",112
1,"sisu028","sisu011",551
1,"sisu028","sisu012",933
1,"sisu028","sisu013",1482
1,"sisu028","sisu014",841
1,"sisu028","sisu015",728
1,"sisu028","sisu016",737
1,"sisu028","sisu017",1229
1,"sisu028","sisu018",1099
1,"sisu028","sisu019",597
1,"sisu028","sisu020",1344
1,"sisu028","sisu021",1144
1,"sisu028","sisu022",1091
1,"sisu028","sisu023",1076
1,"sisu028","sisu024",777
1,"sisu028","sisu025",646
1,"sisu028","sisu026",584
1,"sisu028","sisu027",819
1,"sisu028","sisu028",0
1,"sisu028","sisu029",1291
1,"sisu028","sisu030",574
1,"sisu028","sisu031",1681
1,"sisu028","sisu032",960
1,"sisu028","sisu033",106
1,"sisu028","sisu034",914
1,"sisu028","sisu035",654
1,"sisu028","sisu036",1035
1,"sisu028","sisu037",620
1,"sisu028","sisu038",569
1,"sisu028","sisu039",909
1,"sisu028","sisu040",1496
1,"sisu029","sisu001",906
1,"sisu029","sisu002",1660
1,"sisu029","sisu003",187
1,"sisu029","sisu004",1515
1,"sisu029","sisu005",1637
1,"sisu029","sisu006",1397
1,"sisu029","sisu007",1744
1,"sisu029","sisu008",773
1,"sisu029","sisu009",717
1,"sisu029","sisu010",1196
1,"sisu029","sisu011",985
1,"sisu029","sisu012",564
1,"sisu029","sisu013",470
1,"sisu029","sisu014",503
1,"sisu029","sisu015",1779
1,"sisu029","sisu016",586
1,"sisu029","sisu017",1287
1,"sisu029","sisu018",1333
1,"sisu029","sisu019",708
1,"sisu029","sisu020",1732
1,"sisu029","sisu021",1150
1,"sisu029","sisu022",1804
1,"sisu029","sisu023",623
1,"sisu029","sisu024",1076
1,"sisu029","sisu025",703
1,"sisu029","sisu026",1674
1,"sisu029","sisu027",839
1,"sisu029","sisu028",1291
1,"sisu029","sisu029",0
1,"sisu029","sisu030",1591
1,"sisu029","sisu031",1107
1,"sisu029","sisu032",1220
1,"sisu029","sisu033",1203
1,"sisu029","sisu034",1130
1,"sisu029","sisu035",1499
1,"sisu029","sisu036",2063
1,"sisu029","sisu037",1810
1,"sisu029","sisu038",1110
1,"sisu029","sisu039",1600
1,"sisu029","sisu040",1193
1,"sisu030","sisu001",1366
1,"sisu030","sisu002",1071
1,"sisu030","sisu003",1688
1,"sisu030","sisu004",409
1,"sisu030","sisu005",1425
1,"sisu030","sisu006",625
1,"sisu030","sisu007",575
1,"sisu030","sisu008",1791
1,"sisu030","sisu009",1990
1,"sisu030","sisu010",566
1,"sisu030","sisu011",611
1,"sisu030","sisu012",1081
1,"sisu030","sisu013",1621
1,"sisu030","sisu014",1254
1,"sisu030","sisu015",190
1,"sisu030","sisu016",1008
1,"sisu030","sisu017",1799
1,"sisu030","sisu018",1672
1,"sisu030","sisu019",1015
1,"sisu030","sisu020",1907
1,"sisu030","sisu021",1708
1,"sisu030","sisu022",1616
1,"sisu030","sisu023",1560
1,"sisu030","sisu024",1343
1,"sisu030","sisu025",1102
1,"sisu030","sisu026",1036
1,"sisu030","sisu027",840
1,"sisu030","sisu028",574
1,"sisu030","sisu029",1591
1,"sisu030","sisu030",0
1,"sisu030","sisu031",2205
1,"sisu030","sisu032",1532
1,"sisu030","sisu033",663
1,"sisu030","sisu034",1482
1,"sisu030","sisu035",188
1,"sisu030","sisu036",1438
1,"sisu030","sisu037",300
1,"sisu030","sisu038",1138
1,"sisu030","sisu039",1455
1,"sisu030","sisu040",2048
1,"sisu031","sisu001",859
1,"sisu031","sisu002",1649
1,"sisu031","sisu003",924
1,"sisu031","sisu004",1929
1,"sisu031","sisu005",1370
1,"sisu031","sisu006",1710
1,"sisu031","sisu007",2052
1,"sisu031","sisu008",426
1,"sisu031","sisu009",398
1,"sisu031","sisu010",1650
1,"sisu031","sisu011",1737
1,"sisu031","sisu012",1525
1,"sisu031","sisu013",1568
1,"sisu031","sisu014",1026
1,"sisu031","sisu015",2384
1,"sisu031","sisu016",1364
1,"sisu031","sisu017",677
1,"sisu031","sisu018",846
1,"sisu031","sisu019",1217
1,"sisu031","sisu020",1105
1,"sisu031","sisu021",644
1,"sisu031","sisu022",1420
1,"sisu031","sisu023",671
1,"sisu031","sisu024",953
1,"sisu031","sisu025",1117
1,"sisu031","sisu026",1687
1,"sisu031","sisu027",1745
1,"sisu031","sisu028",1681
1,"sisu031","sisu029",1107
1,"sisu031","sisu030",2205
1,"sisu031","sisu031",0
1,"sisu031","sisu032",875
1,"sisu031","sisu033",1576
1,"sisu031","sisu034",855
1,"sisu031","sisu035",2201
1,"sisu031","sisu036",1871
1,"sisu031","sisu037",2301
1,"sisu031","sisu038",1153
1,"sisu031","sisu039",1306
1,"sisu031","sisu040",307
1,"sisu032","sisu001",330
1,"sisu032","sisu002",778
1,"sisu032","sisu003",1121
1,"sisu032","sisu004",1178
1,"sisu032","sisu005",513
1,"sisu032","sisu006",942
1,"sisu032","sisu007",1240
1,"sisu032","sisu008",642
1,"sisu032","sisu009",926
1,"sisu032","sisu010",975
1,"sisu032","sisu011",1254
1,"sisu032","sisu012",1299
1,"sisu032","sisu013",1644
1,"sisu032","sisu014",786
1,"sisu032","sisu015",1686
1,"sisu032","sisu016",1049
1,"sisu032","sisu017",273
1,"sisu032","sisu018",153
1,"sisu032","sisu019",783
1,"sisu032","sisu020",530
1,"sisu032","sisu021",232
1,"sisu032","sisu022",620
1,"sisu032","sisu023",621
1,"sisu032","sisu024",214
1,"sisu032","sisu025",690
1,"sisu032","sisu026",819
1,"sisu032","sisu027",1396
1,"sisu032","sisu028",960
1,"sisu032","sisu029",1220
1,"sisu032","sisu030",1532
1,"sisu032","sisu031",875
1,"sisu032","sisu032",0
1,"sisu032","sisu033",870
1,"sisu032","sisu034",93
1,"sisu032","sisu035",1587
1,"sisu032","sisu036",1014
1,"sisu032","sisu037",1548
1,"sisu032","sisu038",396
1,"sisu032","sisu039",454
1,"sisu032","sisu040",607
1,"sisu033","sisu001",720
1,"sisu033","sisu002",603
1,"sisu033","sisu003",1237
1,"sisu033","sisu004",359
1,"sisu033","sisu005",846
1,"sisu033","sisu006",194
1,"sisu033","sisu007",547
1,"sisu033","sisu008",1180
1,"sisu033","sisu009",1414
1,"sisu033","sisu010",115
1,"sisu033","sisu011",540
1,"sisu033","sisu012",878
1,"sisu033","sisu013",1418
1,"sisu033","sisu014",743
1,"sisu033","sisu015",824
1,"sisu033","sisu016",665
1,"sisu033","sisu017",1137
1,"sisu033","sisu018",1013
1,"sisu033","sisu019",502
1,"sisu033","sisu020",1277
1,"sisu033","sisu021",1047
1,"sisu033","sisu022",1051
1,"sisu033","sisu023",971
1,"sisu033","sisu024",681
1,"sisu033","sisu025",545
1,"sisu033","sisu026",592
1,"sisu033","sisu027",793
1,"sisu033","sisu028",106
1,"sisu033","sisu029",1203
1,"sisu033","sisu030",663
1,"sisu033","sisu031",1576
1,"sisu033","sisu032",870
1,"sisu033","sisu033",0
1,"sisu033","sisu034",820
1,"sisu033","sisu035",724
1,"sisu033","sisu036",1044
1,"sisu033","sisu037",725
1,"sisu033","sisu038",476
1,"sisu033","sisu039",859
1,"sisu033","sisu040",1395
1,"sisu034","sisu001",237
1,"sisu034","sisu002",795
1,"sisu034","sisu003",1035
1,"sisu034","sisu004",1142
1,"sisu034","sisu005",570
1,"sisu034","sisu006",908
1,"sisu034","sisu007",1222
1,"sisu034","sisu008",583
1,"sisu034","sisu009",869
1,"sisu034","sisu010",920
1,"sisu034","sisu011",1177
1,"sisu034","sisu012",1208
1,"sisu034","sisu013",1551
1,"sisu034","sisu014",693
1,"sisu034","sisu015",1642
1,"sisu034","sisu016",960
1,"sisu034","sisu017",319
1,"sisu034","sisu018",237
1,"sisu034","sisu019",697
1,"sisu034","sisu020",622
1,"sisu034","sisu021",236
1,"sisu034","sisu022",696
1,"sisu034","sisu023",539
1,"sisu034","sisu024",142
1,"sisu034","sisu025",601
1,"sisu034","sisu026",832
1,"sisu034","sisu027",1311
1,"sisu034","sisu028",914
1,"sisu034","sisu029",1130
1,"sisu034","sisu030",1482
1,"sisu034","sisu031",855
1,"sisu034","sisu032",93
1,"sisu034","sisu033",820
1,"sisu034","sisu034",0
1,"sisu034","sisu035",1529
1,"sisu034","sisu036",1065
1,"sisu034","sisu037",1514
1,"sisu034","sisu038",345
1,"sisu034","sisu039",516
1,"sisu034","sisu040",609
1,"sisu035","sisu001",1387
1,"sisu035","sisu002",1205
1,"sisu035","sisu003",1613
1,"sisu035","sisu004",549
1,"sisu035","sisu005",1536
1,"sisu035","sisu006",734
1,"sisu035","sisu007",748
1,"sisu035","sisu008",1779
1,"sisu035","sisu009",1956
1,"sisu035","sisu010",614
1,"sisu035","sisu011",516
1,"sisu035","sisu012",963
1,"sisu035","sisu013",1484
1,"sisu035","sisu014",1212
1,"sisu035","sisu015",317
1,"sisu035","sisu016",931
1,"sisu035","sisu017",1847
1,"sisu035","sisu018",1733
1,"sisu035","sisu019",988
1,"sisu035","sisu020",1997
1,"sisu035","sisu021",1746
1,"sisu035","sisu022",1734
1,"sisu035","sisu023",1540
1,"sisu035","sisu024",1387
1,"sisu035","sisu025",1084
1,"sisu035","sisu026",1174
1,"sisu035","sisu027",705
1,"sisu035","sisu028",654
1,"sisu035","sisu029",1499
1,"sisu035","sisu030",188
1,"sisu035","sisu031",2201
1,"sisu035","sisu032",1587
1,"sisu035","sisu033",724
1,"sisu035","sisu034",1529
1,"sisu035","sisu035",0
1,"sisu035","sisu036",1593
1,"sisu035","sisu037",486
1,"sisu035","sisu038",1192
1,"sisu035","sisu039",1560
1,"sisu035","sisu040",2067
1,"sisu036","sisu001",1211
1,"sisu036","sisu002",442
1,"sisu036","sisu003",2022
1,"sisu036","sisu004",1045
1,"sisu036","sisu005",503
1,"sisu036","sisu006",910
1,"sisu036","sisu007",877
1,"sisu036","sisu008",1647
1,"sisu036","sisu009",1933
1,"sisu036","sisu010",1138
1,"sisu036","sisu011",1581
1,"sisu036","sisu012",1890
1,"sisu036","sisu013",2388
1,"sisu036","sisu014",1561
1,"sisu036","sisu015",1490
1,"sisu036","sisu016",1647
1,"sisu036","sisu017",1199
1,"sisu036","sisu018",1026
1,"sisu036","sisu019",1400
1,"sisu036","sisu020",908
1,"sisu036","sisu021",1233
1,"sisu036","sisu022",490
1,"sisu036","sisu023",1568
1,"sisu036","sisu024",1039
1,"sisu036","sisu025",1370
1,"sisu036","sisu026",453
1,"sisu036","sisu027",1837
1,"sisu036","sisu028",1035
1,"sisu036","sisu029",2063
1,"sisu036","sisu030",1438
1,"sisu036","sisu031",1871
1,"sisu036","sisu032",1014
1,"sisu036","sisu033",1044
1,"sisu036","sisu034",1065
1,"sisu036","sisu035",1593
1,"sisu036","sisu036",0
1,"sisu036","sisu037",1256
1,"sisu036","sisu038",954
1,"sisu036","sisu039",565
1,"sisu036","sisu040",1577
1,"sisu037","sisu001",1443
1,"sisu037","sisu002",952
1,"sisu037","sisu003",1887
1,"sisu037","sisu004",374
1,"sisu037","sisu005",1341
1,"sisu037","sisu006",607
1,"sisu037","sisu007",384
1,"sisu037","sisu008",1904
1,"sisu037","sisu009",2130
1,"sisu037","sisu010",665
1,"sisu037","sisu011",862
1,"sisu037","sisu012",1335
1,"sisu037","sisu013",1887
1,"sisu037","sisu014",1420
1,"sisu037","sisu015",246
1,"sisu037","sisu016",1224
1,"sisu037","sisu017",1821
1,"sisu037","sisu018",1674
1,"sisu037","sisu019",1173
1,"sisu037","sisu020",1851
1,"sisu037","sisu021",1749
1,"sisu037","sisu022",1513
1,"sisu037","sisu023",1689
1,"sisu037","sisu024",1383
1,"sisu037","sisu025",1243
1,"sisu037","sisu026",911
1,"sisu037","sisu027",1114
1,"sisu037","sisu028",620
1,"sisu037","sisu029",1810
1,"sisu037","sisu030",300
1,"sisu037","sisu031",2301
1,"sisu037","sisu032",1548
1,"sisu037","sisu033",725
1,"sisu037","sisu034",1514
1,"sisu037","sisu035",486
1,"sisu037","sisu036",1256
1,"sisu037","sisu037",0
1,"sisu037","sisu038",1172
1,"sisu037","sisu039",1383
1,"sisu037","sisu040",2109
1,"sisu038","sisu001",310
1,"sisu038","sisu002",576
1,"sisu038","sisu003",1070
1,"sisu038","sisu004",799
1,"sisu038","sisu005",550
1,"sisu038","sisu006",568
1,"sisu038","sisu007",899
1,"sisu038","sisu008",801
1,"sisu038","sisu009",1072
1,"sisu038","sisu010",579
1,"sisu038","sisu011",885
1,"sisu038","sisu012",1022
1,"sisu038","sisu013",1462
1,"sisu038","sisu014",610
1,"sisu038","sisu015",1296
1,"sisu038","sisu016",765
1,"sisu038","sisu017",661
1,"sisu038","sisu018",542
1,"sisu038","sisu019",492
1,"sisu038","sisu020",851
1,"sisu038","sisu021",577
1,"sisu038","sisu022",743
1,"sisu038","sisu023",651
1,"sisu038","sisu024",210
1,"sisu038","sisu025",434
1,"sisu038","sisu026",601
1,"sisu038","sisu027",1063
1,"sisu038","sisu028",569
1,"sisu038","sisu029",1110
1,"sisu038","sisu030",1138
1,"sisu038","sisu031",1153
1,"sisu038","sisu032",396
1,"sisu038","sisu033",476
1,"sisu038","sisu034",345
1,"sisu038","sisu035",1192
1,"sisu038","sisu036",954
1,"sisu038","sisu037",1172
1,"sisu038","sisu038",0
1,"sisu038","sisu039",529
1,"sisu038","sisu040",939
1,"sisu039","sisu001",701
1,"sisu039","sisu002",454
1,"sisu039","sisu003",1529
1,"sisu039","sisu004",1053
1,"sisu039","sisu005",65
1,"sisu039","sisu006",831
1,"sisu039","sisu007",1018
1,"sisu039","sisu008",1095
1,"sisu039","sisu009",1380
1,"sisu039","sisu010",974
1,"sisu039","sisu011",1366
1,"sisu039","sisu012",1550
1,"sisu039","sisu013",1981
1,"sisu039","sisu014",1117
1,"sisu039","sisu015",1572
1,"sisu039","sisu016",1293
1,"sisu039","sisu017",638
1,"sisu039","sisu018",462
1,"sisu039","sisu019",1021
1,"sisu039","sisu020",471
1,"sisu039","sisu021",668
1,"sisu039","sisu022",214
1,"sisu039","sisu023",1046
1,"sisu039","sisu024",526
1,"sisu039","sisu025",958
1,"sisu039","sisu026",500
1,"sisu039","sisu027",1574
1,"sisu039","sisu028",909
1,"sisu039","sisu029",1600
1,"sisu039","sisu030",1455
1,"sisu039","sisu031",1306
1,"sisu039","sisu032",454
1,"sisu039","sisu033",859
1,"sisu039","sisu034",516
1,"sisu039","sisu035",1560
1,"sisu039","sisu036",565
1,"sisu039","sisu037",1383
1,"sisu039","sisu038",529
1,"sisu039","sisu039",0
1,"sisu039","sisu040",1015
1,"sisu040","sisu001",682
1,"sisu040","sisu002",1385
1,"sisu040","sisu003",1027
1,"sisu040","sisu004",1736
1,"sisu040","sisu005",1080
1,"sisu040","sisu006",1506
1,"sisu040","sisu007",1830
1,"sisu040","sisu008",421
1,"sisu040","sisu009",574
1,"sisu040","sisu010",1483
1,"sisu040","sisu011",1643
1,"sisu040","sisu012",1514
1,"sisu040","sisu013",1663
1,"sisu040","sisu014",975
1,"sisu040","sisu015",2218
1,"sisu040","sisu016",1314
1,"sisu040","sisu017",378
1,"sisu040","sisu018",553
1,"sisu040","sisu019",1116
1,"sisu040","sisu020",800
1,"sisu040","sisu021",377
1,"sisu040","sisu022",1118
1,"sisu040","sisu023",629
1,"sisu040","sisu024",729
1,"sisu040","sisu025",1010
1,"sisu040","sisu026",1426
1,"sisu040","sisu027",1699
1,"sisu040","sisu028",1496
1,"sisu040","sisu029",1193
1,"sisu040","sisu030",2048
1,"sisu040","sisu031",307
1,"sisu040","sisu032",607
1,"sisu040","sisu033",1395
1,"sisu040","sisu034",609
1,"sisu040","sisu035",2067
1,"sisu040","sisu036",1577
1,"sisu040","sisu037",2109
1,"sisu040","sisu038",939
1,"sisu040","sisu039",1015
1,"sisu040","sisu040",0
