"country","gdp","gdppc","unemployment_rate","median_age","sex_ratio","infant_mortality","life_expectancy","total_fertility","literacy"
"world",1.278e+14,17500,7.7,30.6,1.01,32,69.8,2.42,86.2
"afghanistan",6.945e+10,2000,23.9,19,1.03,108.5,52.1,5.02,38.2
"akrotiri",NA,NA,NA,NA,NA,NA,NA,NA,NA
"albania",3.601e+10,12500,13.8,33.4,0.98,11.6,78.6,1.52,97.6
"algeria",6.3e+11,15200,11.7,28.3,1.03,18.9,77.2,2.66,80.2
"american_samoa",6.58e+08,11200,29.8,26.1,1,10.8,73.9,2.57,NA
"andorra",3.327e+09,49900,3.7,44.9,1.06,3.6,82.9,1.41,100
"angola",1.936e+11,6800,6.6,15.9,0.95,65.8,60.6,6.09,71.1
"anguilla",175400000,12200,8,35.1,0.9,3.3,81.6,1.74,NA
"antarctica",NA,NA,NA,NA,NA,NA,NA,NA,NA
"antigua_and_barbuda",2.398e+09,26400,11,32.2,0.9,11.7,76.9,1.99,99
"arctic_ocean",NA,NA,NA,NA,NA,NA,NA,NA,NA
"argentina",9.221e+11,20900,8.4,31.9,0.98,9.5,77.5,2.25,99.1
"armenia",2.834e+10,9500,18.9,35.6,0.94,12.3,75.1,1.64,99.7
"aruba",4.158e+09,37500,7.7,39.5,0.9,10.4,77.1,1.83,97.5
"ashmore_and_cartier_islands",NA,NA,NA,NA,NA,NA,NA,NA,NA
"atlantic_ocean",NA,NA,NA,NA,NA,NA,NA,NA,NA
"australia",1.248e+12,50400,5.6,38.8,1.01,4.2,82.4,1.77,NA
"austria",4.41e+11,50000,5.5,44.2,0.96,3.4,81.7,1.48,NA
"azerbaijan",1.722e+11,17500,5,31.7,0.98,23,73,1.89,99.8
"bahamas_the",1.206e+10,32400,10.1,32.3,0.96,11.1,72.9,1.94,NA
"bahrain",7.117e+10,49000,3.6,32.5,1.54,8.8,79.1,1.73,95.7
"bangladesh",6.903e+11,4200,4.4,27.1,0.97,30.5,73.7,2.15,72.9
"barbados",5.218e+09,18600,10.1,38.9,0.94,10,75.7,1.68,99.6
"belarus",1.794e+11,18900,0.8,40.3,0.87,3.6,73.2,1.49,99.7
"belgium",5.292e+11,46600,7.1,41.5,0.97,3.4,81.2,1.78,NA
"belize",3.218e+09,8300,9,23.7,1,12,74.7,2.8,NA
"benin",2.539e+10,2300,1,18.4,1.01,51.5,62.7,4.67,38.4
"bermuda",6.127e+09,99400,7,43.5,0.94,2.5,81.5,1.92,NA
"bhutan",7.205e+09,9000,3.2,28.1,1.09,30.3,71.1,1.87,64.9
"bolivia",8.372e+10,7600,4,24.6,0.98,34.2,69.8,2.58,92.5
"bosnia_and_herzegovina",4.483e+10,12800,20.5,42.5,0.95,5.4,77.1,1.31,98.5
"botswana",3.901e+10,17000,20,24.9,0.93,28.6,63.8,2.53,88.5
"bouvet_island",NA,NA,NA,NA,NA,NA,NA,NA,NA
"brazil",3.248e+12,15600,12.8,32.4,0.97,16.9,74.3,1.75,92
"british_indian_ocean_territory",NA,NA,NA,NA,NA,NA,NA,NA,NA
"british_virgin_islands",5e+08,34200,2.9,36.7,0.91,11.7,78.9,1.3,NA
"brunei",3.387e+10,78900,6.9,30.5,0.97,9.3,77.5,1.77,96
"bulgaria",1.535e+11,21800,6.2,43,0.95,8.3,74.8,1.47,98.4
"burkina_faso",3.585e+10,1900,77,17.4,0.95,54.7,61.8,4.77,36
"burma",3.298e+11,6300,4,28.5,0.97,34.4,68.6,2.13,75.6
"burundi",8.007e+09,700,NA,17.1,0.99,57.4,61.4,5.93,85.6
"cabo_verde",3.777e+09,7000,9,25.8,0.94,21.1,72.7,2.21,86.8
"cambodia",6.421e+10,4000,0.3,25.7,0.95,46.1,65.2,2.47,80.5
"cameroon",8.954e+10,3700,4.3,18.6,1.01,49.8,59.4,4.58,75
"canada",1.774e+12,48400,6.3,42.4,0.98,4.5,82,1.6,NA
"cayman_islands",2.507e+09,43800,4,40.2,0.95,5.7,81.4,1.84,98.9
"central_african_republic",3.39e+09,700,6.9,19.8,0.99,84.3,53.3,4.25,36.8
"chad",2.862e+10,2300,NA,15.8,0.98,71.7,57.5,5.9,22.3
"chile",4.521e+11,24600,6.7,34.8,0.97,6.4,79.1,1.79,96.9
"china",2.321e+13,16700,3.9,37.7,1.06,11.8,75.8,1.6,96.4
"christmas_island",NA,NA,NA,NA,NA,NA,NA,NA,NA
"clipperton_island",NA,NA,NA,NA,NA,NA,NA,NA,NA
"cocos_keeling_islands",NA,NA,NA,NA,NA,NA,NA,NA,NA
"colombia",7.116e+11,14400,9.3,30.4,0.98,13.2,76.2,1.98,94.7
"comoros",1.319e+09,1600,6.5,20.2,0.94,58.3,64.9,3.21,77.8
"congo_democratic_republic_of_the",NA,NA,NA,NA,NA,NA,NA,NA,NA
"congo_republic_of_the",2.939e+10,6800,36,19.6,1.01,53.5,60.3,4.26,79.3
"cook_islands",299900000,16700,13.1,37.2,1.06,12.6,76.2,2.16,NA
"coral_sea_islands",NA,NA,NA,NA,NA,NA,NA,NA,NA
"costa_rica",8.394e+10,16900,8.1,31.7,1.01,7.8,78.9,1.89,97.8
"cote_d'_ivoire",9.716e+10,3900,9.4,19.9,1.01,62.6,60.1,3.83,43.1
"croatia",1.021e+11,24700,12.4,43.3,0.93,9.1,76.3,1.41,99.3
"cuba",1.37e+11,12300,2.6,41.8,0.99,4.4,78.9,1.71,99.8
"curacao",3.128e+09,15000,13,36.3,0.92,7.3,78.6,2.03,NA
"cyprus",3.178e+10,37200,11.1,37.2,1.04,7.7,79,1.47,99.1
"czechia",3.759e+11,35500,2.9,42.5,0.97,2.6,78.9,1.46,99
"denmark",2.878e+11,50100,5.7,41.9,0.99,3.2,81,1.78,NA
"dhekelia",NA,NA,NA,NA,NA,NA,NA,NA,NA
"djibouti",3.64e+09,3600,40,24.2,0.84,44.3,64,2.27,NA
"dominica",7.83e+08,11000,23,34,1.02,10.3,77.4,2.03,NA
"dominican_republic",1.73e+11,17000,5.1,27.3,1.02,22.7,71.3,2.28,93.8
"ecuador",1.93e+11,11500,4.6,28.1,0.99,15.9,77.1,2.15,94.4
"egypt",1.204e+12,12700,12.2,23.9,1.04,18.3,73.2,3.41,80.8
"el_salvador",5.117e+10,8000,7,27.6,0.92,16.3,75.1,1.84,88.1
"equatorial_guinea",3.152e+10,37400,8.6,19.9,1,63.3,65,4.29,95.3
"eritrea",9.402e+09,1600,5.8,19.9,0.97,44.4,65.6,3.9,73.8
"estonia",4.165e+10,31700,5.8,43,0.88,3.8,77,1.6,99.8
"eswatini",1.16e+10,10100,28,23.2,0.9,46.6,57.2,2.63,87.5
"ethiopia",2.006e+11,2200,17.5,18,0.99,48.3,63,4.91,49.1
"falkland_islands_islas_malvinas",NA,NA,NA,NA,NA,NA,NA,NA,NA
"faroe_islands",2.001e+09,40000,2.2,37.6,1.08,5.3,80.6,2.34,NA
"fiji",8.629e+09,9800,4.5,29.2,1.03,9.3,73.2,2.37,99.1
"finland",2.449e+11,44500,8.5,42.6,0.97,2.5,81.1,1.75,NA
"france",2.856e+12,44100,9.4,41.5,0.96,3.2,82,2.06,NA
"french_polynesia",5.49e+09,17000,21.8,32.4,1.05,4.6,77.5,1.87,NA
"gabon",3.666e+10,18100,28,20.5,1.08,32.9,68,3.52,83.2
"gambia_the",NA,NA,NA,NA,NA,NA,NA,NA,NA
"gaza_strip",NA,NA,NA,NA,NA,NA,NA,NA,NA
"georgia",3.985e+10,10700,11.8,38.3,0.92,14.7,76.6,1.76,99.8
"germany",4.199e+12,50800,3.8,47.4,0.96,3.4,80.9,1.46,NA
"ghana",1.34e+11,4700,11.9,21.2,0.97,34.1,67.4,3.96,76.6
"gibraltar",2.044e+09,61700,1,35,1.01,5.8,79.7,1.9,NA
"greece",2.993e+11,27800,21.5,44.9,0.95,4.5,80.8,1.44,97.7
"greenland",2.413e+09,41800,9.1,34,1.09,8.7,72.9,1.97,100
"grenada",1.634e+09,15100,24,32.1,1.03,9.4,74.8,2,98.6
"guam",5.793e+09,35600,4.5,29.1,1.06,11.9,76.4,2.92,NA
"guatemala",1.381e+11,8200,2.3,22.5,0.99,23.3,71.8,2.87,81.5
"guernsey",3.465e+09,52500,1.2,44,0.99,3.4,82.7,1.57,NA
"guinea",2.797e+10,2200,2.7,19,1,55.3,62.1,4.98,30.4
"guinea_bissau",NA,NA,NA,NA,NA,NA,NA,NA,NA
"guyana",6.301e+09,8100,11.1,26.7,1.02,29.5,68.9,1.97,88.5
"haiti",1.997e+10,1800,40.6,23.3,0.98,45.4,64.6,2.66,60.7
"heard_island_and_mcdonald_islands",NA,NA,NA,NA,NA,NA,NA,NA,NA
"holy_see_vatican_city",NA,NA,NA,NA,NA,NA,NA,NA,NA
"honduras",4.63e+10,5600,5.6,23.3,1.01,16.7,71.3,2.61,89
"hong_kong",4.559e+11,61500,3.1,44.8,0.87,2.7,83.1,1.2,NA
"hungary",2.896e+11,29600,4.2,42.7,0.91,4.8,76.3,1.45,99.1
"iceland",1.818e+10,52200,2.8,36.7,1,2.1,83.1,1.99,NA
"india",9.474e+12,7200,8.5,28.1,1.08,37.8,69.1,2.4,71.2
"indian_ocean",NA,NA,NA,NA,NA,NA,NA,NA,NA
"indonesia",3.25e+12,12400,5.4,30.5,1,21.9,73.2,2.08,95.4
"iran",1.64e+12,20100,11.8,30.8,1.03,15.5,74.2,1.96,85.5
"iraq",6.493e+11,16700,16,20.2,1.02,37.5,74.9,3.94,79.7
"ireland",3.533e+11,73200,6.7,37.1,1,3.6,81,1.96,NA
"isle_of_man",6.792e+09,84600,1.1,44.4,1,4,81.4,1.92,NA
"israel",3.171e+11,36400,4.2,30.1,1.01,3.4,82.7,2.63,97.8
"italy",2.317e+12,38200,11.3,45.8,0.93,3.2,82.4,1.45,99.2
"jamaica",2.606e+10,9200,12.2,28.6,0.98,12.4,74.5,2.09,88.7
"jan_mayen",NA,NA,NA,NA,NA,NA,NA,NA,NA
"japan",5.443e+12,42900,2.9,47.7,0.94,2,85.5,1.42,NA
"jersey",5.569e+09,56600,4,37.7,0.97,3.7,82,1.66,NA
"jordan",8.9e+10,9200,18.3,22.8,1.12,13.7,75,3.14,95.4
"kazakhstan",4.786e+11,26300,5,30.9,0.91,19,71.4,2.22,99.8
"kenya",1.637e+11,3500,40,20,1,36.1,64.6,2.81,78
"kiribati",2.27e+08,2000,30.6,25,0.95,31.1,66.9,2.34,NA
"korea_north",4e+10,1700,25.6,34.2,0.94,21.4,71,1.94,100
"korea_south",2.035e+12,39500,3.7,42.3,1,3,82.5,1.27,NA
"kosovo",1.96e+10,10900,30.5,29.6,1.06,NA,NA,NA,NA
"kuwait",2.897e+11,65800,1.1,29.4,1.4,6.8,78.3,2.35,96
"kyrgyzstan",2.315e+10,3700,7.1,26.8,0.96,25,71.2,2.59,99.5
"laos",4.934e+10,7400,0.7,23.4,0.99,48.4,65,2.65,84.7
"latvia",5.402e+10,27700,8.7,43.9,0.86,5.1,74.9,1.52,99.9
"lebanon",8.825e+10,19600,9.7,31.3,1,7.2,77.9,1.72,93.9
"lesotho",6.656e+09,3300,28.1,24.4,0.98,44.6,53,2.59,79.4
"liberia",6.112e+09,1300,2.8,17.8,1,50.6,63.8,5,47.6
"libya",6.197e+10,9600,30,29.4,1.07,10.5,76.9,2.03,91
"liechtenstein",4.978e+09,139100,2.4,43.4,0.99,4.2,82,1.69,NA
"lithuania",9.147e+10,32400,7.1,44,0.86,3.8,75.2,1.6,99.8
"luxembourg",6.211e+10,105100,5.8,39.3,1.01,3.4,82.4,1.62,NA
"macau",7.182e+10,110000,2,39.8,0.9,3.1,84.6,0.95,96.5
"madagascar",3.985e+10,1600,1.8,19.9,1,40.1,66.6,3.95,64.7
"malawi",2.242e+10,1200,20.4,16.6,0.98,42.1,62.2,5.43,62.1
"malaysia",9.333e+11,29100,3.4,28.7,1.03,12.1,75.4,2.48,94.6
"maldives",6.901e+09,19200,2.9,28.6,1.18,21.3,76,1.72,99.3
"mali",4.122e+10,2200,7.9,15.8,0.95,67.6,60.8,5.9,33.1
"malta",1.926e+10,41900,4.6,41.8,1.01,4.7,82.7,1.48,94.4
"marshall_islands",1.96e+08,3600,36,23.1,1.03,18.7,73.6,2.98,98.3
"mauritania",1.728e+10,4500,10.2,20.7,0.93,50.5,63.8,3.79,52.1
"mauritius",2.827e+10,22300,7.1,35.7,0.97,9.5,76,1.74,93.2
"mexico",2.463e+12,19900,3.4,28.6,0.96,11.3,76.3,2.22,94.9
"micronesia_federated_states_of",3.48e+08,3400,16.2,25.5,0.97,19.1,73.4,2.37,NA
"moldova",2.372e+10,6700,4.1,37,0.95,11.7,71.3,1.57,99.4
"monaco",7.672e+09,115700,2,53.8,0.94,1.8,89.4,1.54,NA
"mongolia",3.973e+10,13000,8,28.8,0.96,20.5,70.2,2.04,98.4
"montenegro",1.108e+10,17800,16.1,38.9,0.97,NA,NA,NA,98.7
"montserrat",167400000,34000,5.6,33.8,1,11.9,74.8,1.34,NA
"morocco",2.986e+11,8600,10.2,29.7,0.96,21.1,77.3,2.09,68.5
"mozambique",3.709e+10,1300,24.5,17.3,0.96,64,54.1,5.02,56
"namibia",2.66e+10,11200,34,21.4,0.96,33.8,64.4,3.21,81.9
"nauru",1.6e+08,12300,23,26.7,0.88,7.7,67.8,2.76,NA
"navassa_island",NA,NA,NA,NA,NA,NA,NA,NA,NA
"nepal",7.919e+10,2700,3,24.5,0.96,26.9,71.3,2.07,63.9
"netherlands",9.244e+11,53900,4.9,42.7,0.98,3.5,81.5,1.78,NA
"new_caledonia",1.111e+10,31100,14.7,32.3,1,5.2,78,1.92,96.9
"new_zealand",1.89e+11,39000,4.7,38.1,0.99,4.4,81.4,2.01,NA
"nicaragua",3.64e+10,5900,6.4,26.2,0.95,17.7,73.7,1.87,82.8
"niger",2.186e+10,1200,0.3,15.5,1.01,79.4,56.3,6.35,19.1
"nigeria",1.121e+12,5900,16.5,18.3,1.02,63.3,59.3,4.85,59.6
"niue",NA,NA,NA,NA,NA,NA,NA,NA,NA
"norfolk_island",NA,NA,NA,NA,NA,NA,NA,NA,NA
"north_macedonia",3.103e+10,14900,22.4,38.2,0.99,7.8,75.9,1.49,97.8
"northern_mariana_islands",1.242e+09,24500,11.2,33.4,1.13,12.3,75.6,2.76,NA
"norway",3.812e+11,72100,4.2,39.3,1.02,2.5,82,1.85,NA
"oman",NA,NA,NA,NA,NA,NA,NA,NA,NA
"pacific_ocean",NA,NA,NA,NA,NA,NA,NA,NA,NA
"pakistan",1.061e+12,5400,6,24.1,1.05,50.4,68.4,2.55,57.9
"palau",2.64e+08,14700,1.7,33.6,1.08,10.3,73.6,1.7,96.6
"panama",1.041e+11,25400,6,29.5,1.01,9.6,78.9,2.28,95
"papua_new_guinea",3.019e+10,3700,2.5,23.4,1.04,35.3,67.5,2.97,64.2
"paracel_islands",NA,NA,NA,NA,NA,NA,NA,NA,NA
"paraguay",8.891e+10,12800,5.7,28.7,1.01,18.1,77.6,1.9,94.7
"peru",4.303e+11,13500,6.9,28.4,0.96,17.8,74.2,2.1,94.2
"philippines",8.772e+11,8400,5.7,23.7,1.01,20.9,69.6,2.99,96.3
"pitcairn_islands",NA,NA,NA,NA,NA,NA,NA,NA,NA
"poland",1.126e+12,29600,4.9,41.1,0.94,4.4,77.9,1.36,99.8
"portugal",3.141e+11,30500,8.9,43.7,0.9,2.6,80.9,1.39,95.7
"puerto_rico",1.3e+11,39400,10.8,42.2,0.9,6.3,81,1.21,93.3
"qatar",3.395e+11,124100,8.9,33.4,3.41,6,79,1.89,97.3
"romania",4.834e+11,24600,4.9,41.6,0.95,9.2,75.6,1.36,98.8
"russia",4.016e+12,27900,5.2,39.8,0.86,6.7,71.3,1.61,99.7
"rwanda",2.468e+10,2100,2.7,19.2,0.96,29.1,64.5,3.75,70.5
"saint_barthelemy",NA,NA,NA,44.7,1.13,NA,NA,NA,NA
"saint_helena_ascension_and_tristan_da_cunha",31100000,7800,14,42.4,1.01,12.8,79.8,1.59,NA
"saint_kitts_and_nevis",1.55e+09,28200,4.5,35.5,1,8.2,76.2,1.77,NA
"saint_lucia",2.542e+09,14400,20,35.5,0.95,10.6,78.1,1.74,NA
"saint_martin",561500000,19300,NA,32.8,0.93,NA,NA,NA,NA
"saint_pierre_and_miquelon",261300000,46200,8.7,47.2,0.95,6.4,80.7,1.57,NA
"saint_vincent_and_the_grenadines",1.265e+09,11500,18.8,34.2,1.04,11.7,75.8,1.78,NA
"samoa",1.137e+09,5700,5.2,24.8,1.04,18,74.2,2.64,99
"san_marino",2.064e+09,59000,8.1,44.7,0.94,4.3,83.4,1.51,NA
"sao_tome_and_principe",6.86e+08,3200,12.2,18.7,1,44.1,65.7,4.11,74.9
"saudi_arabia",1.775e+12,54500,6,29.9,1.3,12.1,75.7,2.04,94.7
"senegal",5.48e+10,3500,48,19,0.94,48,62.5,4.2,51.9
"serbia",1.057e+11,15100,14.1,42.8,0.95,5.7,75.9,1.44,98.8
"seychelles",2.75e+09,29300,3,35.8,1.06,9.7,75.2,1.85,91.8
"sierra_leone",1.155e+10,1600,15,19.1,0.95,66.7,59,4.69,48.1
"singapore",5.281e+11,94100,2.2,34.9,0.96,2.3,85.5,0.84,97
"sint_maarten",365800000,66800,12,41.2,0.98,7.9,78.5,2.04,NA
"slovakia",1.797e+11,33100,8.1,41,0.94,5,77.4,1.42,NA
"slovenia",7.123e+10,34500,6.6,44.2,0.99,1.6,81.2,1.58,99.7
"solomon_islands",NA,NA,NA,NA,NA,NA,NA,NA,NA
"somalia",NA,NA,NA,NA,NA,NA,NA,NA,NA
"south_africa",7.672e+11,13600,27.5,27.4,0.98,29.9,64.1,2.26,94.4
"south_georgia_and_south_sandwich_islands",NA,NA,NA,NA,NA,NA,NA,NA,NA
"south_sudan",2.001e+10,1600,NA,18.1,1.06,90.4,NA,5.34,27
"southern_ocean",NA,NA,NA,NA,NA,NA,NA,NA,NA
"spain",1.778e+12,38400,17.2,43.1,0.98,3.3,81.8,1.5,98.3
"spratly_islands",NA,NA,NA,NA,NA,NA,NA,NA,NA
"sri_lanka",2.758e+11,12900,4.4,33.1,0.95,8.2,77.1,2.05,91.9
"sudan",1.774e+11,4300,19.6,17.9,1.01,44.2,65.8,4.85,75.9
"suriname",8.688e+09,14900,8.9,30.2,1.01,23.7,72.8,1.9,95.6
"svalbard",NA,NA,NA,NA,NA,NA,NA,NA,NA
"sweden",5.18e+11,51200,6.7,41.1,1,2.6,82.2,1.87,NA
"switzerland",5.231e+11,62100,3.2,42.5,0.97,3.6,82.7,1.56,NA
"syria",5.028e+10,2900,50,24.5,1.01,14.4,75.2,2.44,86.4
"taiwan",1.189e+12,50500,3.8,41.3,0.98,4.3,80.4,1.13,98.5
"tajikistan",2.843e+10,3200,2.4,24.8,0.99,30.8,68.4,2.59,99.8
"tanzania",1.625e+11,3200,10.3,17.9,1,38.7,63.1,4.71,77.9
"thailand",1.236e+12,17900,0.7,38.1,0.96,9,75.1,1.52,92.9
"timor_leste",7.426e+09,6000,4.4,19.1,1,33.9,68.7,4.67,67.5
"togo",1.297e+10,1700,6.9,19.9,0.98,40.8,65.8,4.32,63.7
"tokelau",NA,NA,NA,NA,NA,NA,NA,NA,NA
"tonga",5.91e+08,5900,1.1,23.3,1.01,10.9,76.6,3.03,99.4
"trinidad_and_tobago",4.285e+10,31300,4.9,36.6,1.03,21.6,73.4,1.7,99
"tunisia",1.377e+11,11900,15.5,32,0.99,11.7,75.9,2.17,81.8
"turkey",2.186e+12,27000,10.9,31.4,1.01,16.9,75.3,2,96.2
"turkmenistan",1.037e+11,18200,11,28.3,0.98,33.1,70.7,2.06,99.7
"turks_and_caicos_islands",6.32e+08,29100,10,33.8,1.02,9.8,80.1,1.7,NA
"tuvalu",NA,NA,NA,NA,NA,NA,NA,NA,NA
"uganda",8.919e+10,2400,9.4,15.9,0.99,54.6,56.3,5.62,78.4
"ukraine",3.696e+11,8800,9.2,40.8,0.86,7.7,72.4,1.55,99.8
"united_arab_emirates",6.96e+11,68600,1.6,37.2,2.64,5.5,78.7,1.73,93.8
"united_kingdom",2.925e+12,44300,4.4,40.5,0.99,4.2,80.9,1.88,NA
"united_states",1.949e+13,59800,4.4,38.2,0.97,5.7,80.1,1.87,NA
"uruguay",7.816e+10,22400,7.6,35.1,0.94,8.1,77.6,1.79,98.6
"uzbekistan",2.23e+11,6900,5,29.1,0.99,17.4,74.3,1.75,100
"vanuatu",7.72e+08,2700,1.7,22.3,1,13.9,74,2.97,85.2
"venezuela",3.816e+11,12500,27.1,28.7,0.99,11.9,76.2,2.3,97.1
"vietnam",6.487e+11,6900,2.2,30.9,1.01,16.7,73.9,1.79,94.5
"virgin_islands",3.872e+09,37000,10.4,41.3,0.91,7.7,79.5,2.06,NA
"wake_island",NA,NA,NA,NA,NA,NA,NA,NA,NA
"wallis_and_futuna",6e+07,3800,8.8,32.8,1.03,4.3,80,1.72,NA
"west_bank",2.122e+10,4300,27.9,21.4,1.04,13.6,75.4,3.2,96.9
"western_sahara",NA,NA,NA,NA,NA,NA,NA,NA,NA
"yemen",7.363e+10,2500,27,19.8,1.02,44.6,66.2,3.48,70.1
"zambia",6.893e+10,4000,15,16.8,1,59.3,53,5.58,63.4
"zimbabwe",3.427e+10,2300,11.3,20.2,0.96,31.9,61.1,3.97,86.5
"european_union",2.085e+13,40900,8.6,43.2,0.96,3.9,80.7,1.62,NA
