"waveid","personid","alterid","tie"
1,"eg0001","eg0277",1
1,"eg0001","eg0007",5
1,"eg0001","eg0084",5
1,"eg0001","eg0219",5
1,"eg0001","eg0156",5
1,"eg0001","eg0128",6
1,"eg0001","eg0225",6
1,"eg0001","eg0274",6
1,"eg0001","eg0021",6
1,"eg0001","eg0232",7
1,"eg0001","eg0218",7
1,"eg0001","eg0155",7
1,"eg0001","eg0053",7
1,"eg0001","eg0212",9
1,"eg0001","eg0203",9
1,"eg0002","eg0161",1
1,"eg0002","eg0089",1
1,"eg0002","eg0056",3
1,"eg0002","eg0152",3
1,"eg0002","eg0089",3
1,"eg0002","eg0270",4
1,"eg0002","eg0164",4
1,"eg0002","eg0068",4
1,"eg0002","eg0164",5
1,"eg0002","eg0222",6
1,"eg0002","eg0161",7
1,"eg0002","eg0138",7
1,"eg0002","eg0162",7
1,"eg0002","eg0208",8
1,"eg0002","eg0197",8
1,"eg0002","eg0252",9
1,"eg0002","eg0262",9
1,"eg0002","eg0111",9
1,"eg0002","eg0287",10
1,"eg0002","eg0217",10
1,"eg0003","eg0220",1
1,"eg0003","eg0129",1
1,"eg0003","eg0156",1
1,"eg0003","eg0065",2
1,"eg0003","eg0031",2
1,"eg0003","eg0178",2
1,"eg0003","eg0051",3
1,"eg0003","eg0285",3
1,"eg0003","eg0225",5
1,"eg0003","eg0187",5
1,"eg0003","eg0217",6
1,"eg0003","eg0173",7
1,"eg0003","eg0225",7
1,"eg0003","eg0187",8
1,"eg0003","eg0282",9
1,"eg0003","eg0046",10
1,"eg0003","eg0175",10
1,"eg0004","eg0013",1
1,"eg0004","eg0149",1
1,"eg0004","eg0218",1
1,"eg0004","eg0155",2
1,"eg0004","eg0257",2
1,"eg0004","eg0058",3
1,"eg0004","eg0155",3
1,"eg0004","eg0022",3
1,"eg0004","eg0175",4
1,"eg0004","eg0005",4
1,"eg0004","eg0120",5
1,"eg0004","eg0106",5
1,"eg0004","eg0212",5
1,"eg0004","eg0286",6
1,"eg0004","eg0218",6
1,"eg0004","eg0217",6
1,"eg0004","eg0085",7
1,"eg0004","eg0101",7
1,"eg0004","eg0212",7
1,"eg0004","eg0042",7
1,"eg0004","eg0015",8
1,"eg0004","eg0164",8
1,"eg0004","eg0277",8
1,"eg0004","eg0225",9
1,"eg0004","eg0121",10
1,"eg0005","eg0238",2
1,"eg0005","eg0007",2
1,"eg0005","eg0164",2
1,"eg0005","eg0031",3
1,"eg0005","eg0107",4
1,"eg0005","eg0169",4
1,"eg0005","eg0149",4
1,"eg0005","eg0045",5
1,"eg0005","eg0077",5
1,"eg0005","eg0167",6
1,"eg0005","eg0026",8
1,"eg0005","eg0226",8
1,"eg0005","eg0217",9
1,"eg0007","eg0074",1
1,"eg0007","eg0287",1
1,"eg0007","eg0110",1
1,"eg0007","eg0139",2
1,"eg0007","eg0169",2
1,"eg0007","eg0001",2
1,"eg0007","eg0219",2
1,"eg0007","eg0264",4
1,"eg0007","eg0129",4
1,"eg0007","eg0282",4
1,"eg0007","eg0145",5
1,"eg0007","eg0227",7
1,"eg0007","eg0030",7
1,"eg0007","eg0195",7
1,"eg0007","eg0068",8
1,"eg0007","eg0203",8
1,"eg0007","eg0270",9
1,"eg0007","eg0022",9
1,"eg0007","eg0266",10
1,"eg0007","eg0021",10
1,"eg0008","eg0077",1
1,"eg0008","eg0215",2
1,"eg0008","eg0121",2
1,"eg0008","eg0061",4
1,"eg0008","eg0115",4
1,"eg0008","eg0112",5
1,"eg0008","eg0267",5
1,"eg0008","eg0021",6
1,"eg0008","eg0176",6
1,"eg0008","eg0067",7
1,"eg0008","eg0145",7
1,"eg0008","eg0002",7
1,"eg0008","eg0035",7
1,"eg0008","eg0272",8
1,"eg0008","eg0094",8
1,"eg0008","eg0162",10
1,"eg0010","eg0283",1
1,"eg0010","eg0199",1
1,"eg0010","eg0078",2
1,"eg0010","eg0101",3
1,"eg0010","eg0060",3
1,"eg0010","eg0034",3
1,"eg0010","eg0099",3
1,"eg0010","eg0225",4
1,"eg0010","eg0154",4
1,"eg0010","eg0072",5
1,"eg0010","eg0051",5
1,"eg0010","eg0204",6
1,"eg0010","eg0061",6
1,"eg0010","eg0128",6
1,"eg0010","eg0182",6
1,"eg0010","eg0214",7
1,"eg0010","eg0249",7
1,"eg0010","eg0112",7
1,"eg0010","eg0128",7
1,"eg0010","eg0026",8
1,"eg0010","eg0149",8
1,"eg0010","eg0219",8
1,"eg0010","eg0025",8
1,"eg0010","eg0121",9
1,"eg0010","eg0104",10
1,"eg0010","eg0228",10
1,"eg0011","eg0134",1
1,"eg0011","eg0005",1
1,"eg0011","eg0039",1
1,"eg0011","eg0067",1
1,"eg0011","eg0032",2
1,"eg0011","eg0097",3
1,"eg0011","eg0218",4
1,"eg0011","eg0088",4
1,"eg0011","eg0251",4
1,"eg0011","eg0096",4
1,"eg0011","eg0031",5
1,"eg0011","eg0045",5
1,"eg0011","eg0032",5
1,"eg0011","eg0252",6
1,"eg0011","eg0106",6
1,"eg0011","eg0002",6
1,"eg0011","eg0278",6
1,"eg0011","eg0111",7
1,"eg0011","eg0230",7
1,"eg0011","eg0107",7
1,"eg0011","eg0220",7
1,"eg0011","eg0182",8
1,"eg0011","eg0007",8
1,"eg0011","eg0131",8
1,"eg0011","eg0026",9
1,"eg0011","eg0173",9
1,"eg0012","eg0165",1
1,"eg0012","eg0001",1
1,"eg0012","eg0217",1
1,"eg0012","eg0150",2
1,"eg0012","eg0013",2
1,"eg0012","eg0123",2
1,"eg0012","eg0061",2
1,"eg0012","eg0052",3
1,"eg0012","eg0051",5
1,"eg0012","eg0072",6
1,"eg0012","eg0015",6
1,"eg0012","eg0266",7
1,"eg0012","eg0101",8
1,"eg0012","eg0007",8
1,"eg0012","eg0278",8
1,"eg0012","eg0052",9
1,"eg0012","eg0002",9
1,"eg0012","eg0270",10
1,"eg0012","eg0118",10
1,"eg0012","eg0139",10
1,"eg0013","eg0115",1
1,"eg0013","eg0034",1
1,"eg0013","eg0176",4
1,"eg0013","eg0155",4
1,"eg0013","eg0089",4
1,"eg0013","eg0257",5
1,"eg0013","eg0072",6
1,"eg0013","eg0050",6
1,"eg0013","eg0063",6
1,"eg0013","eg0124",6
1,"eg0013","eg0060",7
1,"eg0013","eg0186",7
1,"eg0013","eg0058",7
1,"eg0013","eg0185",8
1,"eg0013","eg0045",9
1,"eg0013","eg0153",9
1,"eg0013","eg0257",9
1,"eg0015","eg0287",1
1,"eg0015","eg0285",1
1,"eg0015","eg0030",1
1,"eg0015","eg0226",1
1,"eg0015","eg0088",2
1,"eg0015","eg0191",2
1,"eg0015","eg0153",2
1,"eg0015","eg0022",5
1,"eg0015","eg0277",5
1,"eg0015","eg0184",5
1,"eg0015","eg0074",6
1,"eg0015","eg0078",6
1,"eg0015","eg0050",6
1,"eg0015","eg0156",6
1,"eg0015","eg0157",7
1,"eg0015","eg0085",7
1,"eg0015","eg0111",7
1,"eg0015","eg0072",8
1,"eg0015","eg0101",8
1,"eg0015","eg0182",8
1,"eg0015","eg0209",8
1,"eg0015","eg0099",9
1,"eg0015","eg0211",9
1,"eg0015","eg0275",9
1,"eg0015","eg0214",9
1,"eg0015","eg0237",10
1,"eg0015","eg0195",10
1,"eg0015","eg0209",10
1,"eg0018","eg0274",1
1,"eg0018","eg0189",2
1,"eg0018","eg0150",2
1,"eg0018","eg0063",3
1,"eg0018","eg0149",3
1,"eg0018","eg0182",4
1,"eg0018","eg0172",4
1,"eg0018","eg0111",4
1,"eg0018","eg0164",4
1,"eg0018","eg0249",5
1,"eg0018","eg0068",5
1,"eg0018","eg0262",5
1,"eg0018","eg0051",6
1,"eg0018","eg0034",7
1,"eg0018","eg0215",7
1,"eg0018","eg0035",7
1,"eg0018","eg0208",9
1,"eg0018","eg0162",9
1,"eg0019","eg0051",1
1,"eg0019","eg0264",1
1,"eg0019","eg0088",1
1,"eg0019","eg0005",1
1,"eg0019","eg0194",2
1,"eg0019","eg0274",4
1,"eg0019","eg0128",4
1,"eg0019","eg0203",4
1,"eg0019","eg0171",4
1,"eg0019","eg0025",5
1,"eg0019","eg0135",5
1,"eg0019","eg0289",5
1,"eg0019","eg0264",5
1,"eg0019","eg0186",8
1,"eg0019","eg0187",8
1,"eg0019","eg0122",8
1,"eg0019","eg0096",9
1,"eg0019","eg0080",9
1,"eg0019","eg0152",9
1,"eg0021","eg0203",1
1,"eg0021","eg0135",2
1,"eg0021","eg0199",2
1,"eg0021","eg0175",3
1,"eg0021","eg0182",3
1,"eg0021","eg0036",3
1,"eg0021","eg0272",3
1,"eg0021","eg0156",6
1,"eg0021","eg0097",6
1,"eg0021","eg0047",7
1,"eg0021","eg0195",7
1,"eg0021","eg0101",8
1,"eg0021","eg0237",8
1,"eg0021","eg0281",9
1,"eg0021","eg0227",10
1,"eg0021","eg0257",10
1,"eg0021","eg0191",10
1,"eg0021","eg0121",10
1,"eg0022","eg0104",1
1,"eg0022","eg0252",3
1,"eg0022","eg0011",4
1,"eg0022","eg0008",4
1,"eg0022","eg0111",6
1,"eg0022","eg0262",6
1,"eg0022","eg0138",7
1,"eg0022","eg0110",10
1,"eg0022","eg0281",10
1,"eg0022","eg0290",10
1,"eg0024","eg0286",1
1,"eg0024","eg0005",2
1,"eg0024","eg0152",2
1,"eg0024","eg0134",2
1,"eg0024","eg0262",2
1,"eg0024","eg0286",5
1,"eg0024","eg0214",5
1,"eg0024","eg0184",7
1,"eg0024","eg0215",7
1,"eg0024","eg0152",9
1,"eg0024","eg0171",10
1,"eg0024","eg0100",10
1,"eg0024","eg0237",10
1,"eg0025","eg0097",1
1,"eg0025","eg0036",1
1,"eg0025","eg0080",1
1,"eg0025","eg0289",1
1,"eg0025","eg0131",2
1,"eg0025","eg0168",2
1,"eg0025","eg0175",2
1,"eg0025","eg0184",3
1,"eg0025","eg0182",4
1,"eg0025","eg0178",4
1,"eg0025","eg0272",5
1,"eg0025","eg0011",5
1,"eg0025","eg0207",5
1,"eg0025","eg0165",6
1,"eg0025","eg0182",7
1,"eg0025","eg0057",7
1,"eg0025","eg0035",8
1,"eg0025","eg0022",8
1,"eg0025","eg0111",8
1,"eg0025","eg0244",8
1,"eg0025","eg0169",9
1,"eg0025","eg0024",9
1,"eg0025","eg0072",9
1,"eg0025","eg0223",10
1,"eg0026","eg0189",1
1,"eg0026","eg0280",2
1,"eg0026","eg0085",2
1,"eg0026","eg0111",2
1,"eg0026","eg0244",3
1,"eg0026","eg0204",3
1,"eg0026","eg0078",3
1,"eg0026","eg0021",4
1,"eg0026","eg0188",4
1,"eg0026","eg0173",4
1,"eg0026","eg0089",4
1,"eg0026","eg0168",5
1,"eg0026","eg0112",5
1,"eg0026","eg0056",5
1,"eg0026","eg0134",5
1,"eg0026","eg0205",6
1,"eg0026","eg0097",6
1,"eg0026","eg0074",6
1,"eg0026","eg0085",6
1,"eg0026","eg0134",7
1,"eg0026","eg0270",8
1,"eg0026","eg0262",8
1,"eg0026","eg0146",8
1,"eg0026","eg0175",9
1,"eg0026","eg0122",10
1,"eg0026","eg0152",10
1,"eg0026","eg0198",10
1,"eg0028","eg0065",2
1,"eg0028","eg0159",2
1,"eg0028","eg0258",2
1,"eg0028","eg0172",2
1,"eg0028","eg0289",3
1,"eg0028","eg0104",3
1,"eg0028","eg0097",4
1,"eg0028","eg0283",4
1,"eg0028","eg0063",5
1,"eg0028","eg0174",5
1,"eg0028","eg0210",5
1,"eg0028","eg0198",5
1,"eg0028","eg0065",6
1,"eg0028","eg0099",7
1,"eg0028","eg0175",7
1,"eg0028","eg0012",8
1,"eg0028","eg0238",8
1,"eg0028","eg0077",9
1,"eg0028","eg0087",9
1,"eg0028","eg0252",9
1,"eg0028","eg0152",10
1,"eg0028","eg0135",10
1,"eg0028","eg0214",10
1,"eg0028","eg0012",10
1,"eg0030","eg0111",1
1,"eg0030","eg0238",2
1,"eg0030","eg0252",3
1,"eg0030","eg0189",3
1,"eg0030","eg0042",3
1,"eg0030","eg0123",4
1,"eg0030","eg0152",4
1,"eg0030","eg0034",4
1,"eg0030","eg0170",4
1,"eg0030","eg0277",5
1,"eg0030","eg0122",7
1,"eg0030","eg0073",8
1,"eg0030","eg0209",8
1,"eg0030","eg0244",8
1,"eg0030","eg0152",8
1,"eg0030","eg0169",9
1,"eg0030","eg0104",9
1,"eg0030","eg0015",9
1,"eg0030","eg0068",9
1,"eg0030","eg0101",10
1,"eg0030","eg0128",10
1,"eg0030","eg0031",10
1,"eg0031","eg0175",1
1,"eg0031","eg0063",1
1,"eg0031","eg0101",1
1,"eg0031","eg0132",1
1,"eg0031","eg0205",3
1,"eg0031","eg0025",4
1,"eg0031","eg0230",5
1,"eg0031","eg0094",5
1,"eg0031","eg0230",7
1,"eg0031","eg0186",7
1,"eg0031","eg0112",8
1,"eg0031","eg0225",8
1,"eg0031","eg0194",8
1,"eg0031","eg0187",9
1,"eg0031","eg0209",9
1,"eg0031","eg0015",9
1,"eg0031","eg0036",10
1,"eg0031","eg0211",10
1,"eg0031","eg0117",10
1,"eg0032","eg0170",1
1,"eg0032","eg0233",1
1,"eg0032","eg0107",1
1,"eg0032","eg0058",2
1,"eg0032","eg0101",3
1,"eg0032","eg0084",3
1,"eg0032","eg0210",3
1,"eg0032","eg0034",3
1,"eg0032","eg0274",4
1,"eg0032","eg0123",4
1,"eg0032","eg0120",4
1,"eg0032","eg0084",4
1,"eg0032","eg0262",5
1,"eg0032","eg0036",5
1,"eg0032","eg0073",5
1,"eg0032","eg0034",5
1,"eg0032","eg0050",6
1,"eg0032","eg0022",6
1,"eg0032","eg0001",6
1,"eg0032","eg0148",6
1,"eg0032","eg0002",7
1,"eg0032","eg0118",8
1,"eg0032","eg0214",8
1,"eg0032","eg0030",9
1,"eg0032","eg0153",9
1,"eg0032","eg0186",10
1,"eg0032","eg0173",10
1,"eg0032","eg0099",10
1,"eg0034","eg0267",1
1,"eg0034","eg0073",1
1,"eg0034","eg0285",1
1,"eg0034","eg0117",2
1,"eg0034","eg0139",2
1,"eg0034","eg0059",2
1,"eg0034","eg0087",3
1,"eg0034","eg0004",3
1,"eg0034","eg0251",3
1,"eg0034","eg0064",4
1,"eg0034","eg0141",4
1,"eg0034","eg0287",4
1,"eg0034","eg0184",8
1,"eg0034","eg0176",8
1,"eg0034","eg0204",8
1,"eg0034","eg0154",9
1,"eg0034","eg0068",9
1,"eg0034","eg0026",9
1,"eg0035","eg0131",1
1,"eg0035","eg0073",2
1,"eg0035","eg0243",2
1,"eg0035","eg0204",2
1,"eg0035","eg0110",2
1,"eg0035","eg0171",3
1,"eg0035","eg0010",3
1,"eg0035","eg0078",5
1,"eg0035","eg0213",5
1,"eg0035","eg0030",5
1,"eg0035","eg0117",5
1,"eg0035","eg0008",7
1,"eg0035","eg0063",7
1,"eg0035","eg0122",8
1,"eg0035","eg0010",8
1,"eg0035","eg0257",8
1,"eg0035","eg0025",8
1,"eg0035","eg0174",9
1,"eg0035","eg0170",10
1,"eg0035","eg0187",10
1,"eg0035","eg0031",10
1,"eg0036","eg0057",1
1,"eg0036","eg0274",1
1,"eg0036","eg0042",3
1,"eg0036","eg0232",3
1,"eg0036","eg0007",3
1,"eg0036","eg0218",6
1,"eg0036","eg0221",9
1,"eg0036","eg0013",9
1,"eg0036","eg0018",9
1,"eg0036","eg0074",10
1,"eg0036","eg0157",10
1,"eg0036","eg0139",10
1,"eg0036","eg0110",10
1,"eg0039","eg0118",2
1,"eg0039","eg0084",2
1,"eg0039","eg0110",2
1,"eg0039","eg0187",2
1,"eg0039","eg0021",3
1,"eg0039","eg0121",3
1,"eg0039","eg0236",4
1,"eg0039","eg0171",5
1,"eg0039","eg0262",5
1,"eg0039","eg0178",5
1,"eg0039","eg0019",6
1,"eg0039","eg0175",8
1,"eg0039","eg0057",8
1,"eg0039","eg0135",8
1,"eg0039","eg0281",9
1,"eg0039","eg0221",9
1,"eg0039","eg0127",9
1,"eg0039","eg0168",9
1,"eg0039","eg0277",10
1,"eg0039","eg0012",10
1,"eg0039","eg0131",10
1,"eg0042","eg0165",1
1,"eg0042","eg0117",2
1,"eg0042","eg0220",2
1,"eg0042","eg0010",3
1,"eg0042","eg0053",3
1,"eg0042","eg0019",4
1,"eg0042","eg0195",6
1,"eg0042","eg0022",6
1,"eg0042","eg0290",8
1,"eg0042","eg0025",9
1,"eg0042","eg0051",9
1,"eg0042","eg0281",9
1,"eg0042","eg0141",9
1,"eg0042","eg0174",10
1,"eg0043","eg0028",1
1,"eg0043","eg0031",1
1,"eg0043","eg0129",1
1,"eg0043","eg0001",2
1,"eg0043","eg0199",2
1,"eg0043","eg0129",4
1,"eg0043","eg0124",4
1,"eg0043","eg0238",5
1,"eg0043","eg0265",5
1,"eg0043","eg0148",6
1,"eg0043","eg0072",6
1,"eg0043","eg0005",6
1,"eg0043","eg0186",6
1,"eg0043","eg0121",7
1,"eg0043","eg0270",9
1,"eg0043","eg0251",9
1,"eg0043","eg0015",10
1,"eg0043","eg0169",10
1,"eg0045","eg0219",1
1,"eg0045","eg0289",1
1,"eg0045","eg0089",1
1,"eg0045","eg0178",2
1,"eg0045","eg0228",3
1,"eg0045","eg0194",3
1,"eg0045","eg0156",3
1,"eg0045","eg0161",4
1,"eg0045","eg0180",4
1,"eg0045","eg0019",4
1,"eg0045","eg0190",5
1,"eg0045","eg0157",5
1,"eg0045","eg0163",5
1,"eg0045","eg0262",5
1,"eg0045","eg0127",6
1,"eg0045","eg0175",6
1,"eg0045","eg0018",6
1,"eg0045","eg0022",7
1,"eg0045","eg0197",8
1,"eg0045","eg0128",8
1,"eg0045","eg0111",9
1,"eg0045","eg0048",9
1,"eg0045","eg0150",9
1,"eg0045","eg0063",9
1,"eg0045","eg0146",10
1,"eg0045","eg0205",10
1,"eg0046","eg0045",2
1,"eg0046","eg0190",2
1,"eg0046","eg0197",2
1,"eg0046","eg0031",3
1,"eg0046","eg0043",4
1,"eg0046","eg0087",4
1,"eg0046","eg0178",4
1,"eg0046","eg0005",4
1,"eg0046","eg0182",5
1,"eg0046","eg0106",5
1,"eg0046","eg0105",5
1,"eg0046","eg0285",5
1,"eg0046","eg0194",6
1,"eg0046","eg0121",6
1,"eg0046","eg0115",6
1,"eg0046","eg0220",7
1,"eg0046","eg0154",7
1,"eg0046","eg0124",7
1,"eg0046","eg0185",8
1,"eg0046","eg0015",8
1,"eg0046","eg0107",9
1,"eg0046","eg0226",9
1,"eg0046","eg0290",9
1,"eg0046","eg0210",10
1,"eg0046","eg0204",10
1,"eg0046","eg0024",10
1,"eg0046","eg0208",10
1,"eg0047","eg0073",1
1,"eg0047","eg0285",1
1,"eg0047","eg0199",2
1,"eg0047","eg0114",2
1,"eg0047","eg0003",3
1,"eg0047","eg0022",3
1,"eg0047","eg0194",4
1,"eg0047","eg0198",4
1,"eg0047","eg0196",4
1,"eg0047","eg0174",4
1,"eg0047","eg0118",5
1,"eg0047","eg0088",5
1,"eg0047","eg0169",5
1,"eg0047","eg0121",5
1,"eg0047","eg0087",6
1,"eg0047","eg0149",7
1,"eg0047","eg0189",7
1,"eg0047","eg0264",7
1,"eg0047","eg0074",8
1,"eg0047","eg0149",8
1,"eg0047","eg0274",8
1,"eg0047","eg0199",8
1,"eg0047","eg0128",10
1,"eg0048","eg0002",1
1,"eg0048","eg0034",1
1,"eg0048","eg0008",1
1,"eg0048","eg0171",2
1,"eg0048","eg0249",4
1,"eg0048","eg0004",4
1,"eg0048","eg0160",5
1,"eg0048","eg0065",5
1,"eg0048","eg0178",5
1,"eg0048","eg0133",5
1,"eg0048","eg0139",6
1,"eg0048","eg0265",7
1,"eg0048","eg0149",7
1,"eg0048","eg0115",7
1,"eg0048","eg0179",8
1,"eg0048","eg0030",8
1,"eg0048","eg0138",8
1,"eg0048","eg0003",8
1,"eg0048","eg0188",10
1,"eg0048","eg0159",10
1,"eg0048","eg0003",10
1,"eg0050","eg0062",2
1,"eg0050","eg0140",2
1,"eg0050","eg0278",4
1,"eg0050","eg0088",6
1,"eg0050","eg0042",6
1,"eg0050","eg0165",7
1,"eg0050","eg0035",7
1,"eg0050","eg0078",7
1,"eg0050","eg0186",9
1,"eg0050","eg0133",9
1,"eg0050","eg0045",9
1,"eg0050","eg0265",9
1,"eg0050","eg0233",10
1,"eg0050","eg0087",10
1,"eg0051","eg0168",1
1,"eg0051","eg0050",2
1,"eg0051","eg0001",2
1,"eg0051","eg0280",2
1,"eg0051","eg0195",2
1,"eg0051","eg0065",3
1,"eg0051","eg0214",3
1,"eg0051","eg0011",4
1,"eg0051","eg0123",4
1,"eg0051","eg0245",4
1,"eg0051","eg0026",5
1,"eg0051","eg0043",5
1,"eg0051","eg0122",6
1,"eg0051","eg0289",6
1,"eg0051","eg0284",7
1,"eg0051","eg0052",7
1,"eg0051","eg0087",10
1,"eg0051","eg0062",10
1,"eg0051","eg0223",10
1,"eg0052","eg0214",1
1,"eg0052","eg0138",1
1,"eg0052","eg0080",1
1,"eg0052","eg0214",2
1,"eg0052","eg0118",2
1,"eg0052","eg0243",2
1,"eg0052","eg0110",3
1,"eg0052","eg0186",3
1,"eg0052","eg0057",3
1,"eg0052","eg0129",4
1,"eg0052","eg0269",4
1,"eg0052","eg0161",5
1,"eg0052","eg0178",6
1,"eg0052","eg0171",6
1,"eg0052","eg0180",7
1,"eg0052","eg0107",7
1,"eg0052","eg0227",7
1,"eg0052","eg0216",8
1,"eg0052","eg0232",9
1,"eg0052","eg0244",9
1,"eg0052","eg0005",9
1,"eg0052","eg0139",10
1,"eg0052","eg0194",10
1,"eg0052","eg0067",10
1,"eg0053","eg0270",1
1,"eg0053","eg0030",1
1,"eg0053","eg0249",1
1,"eg0053","eg0275",1
1,"eg0053","eg0178",2
1,"eg0053","eg0004",2
1,"eg0053","eg0176",3
1,"eg0053","eg0050",3
1,"eg0053","eg0189",4
1,"eg0053","eg0031",5
1,"eg0053","eg0084",5
1,"eg0053","eg0032",5
1,"eg0053","eg0281",6
1,"eg0053","eg0157",6
1,"eg0053","eg0274",8
1,"eg0053","eg0050",8
1,"eg0053","eg0003",8
1,"eg0053","eg0051",9
1,"eg0053","eg0085",9
1,"eg0053","eg0015",9
1,"eg0053","eg0149",10
1,"eg0053","eg0124",10
1,"eg0053","eg0073",10
1,"eg0053","eg0013",10
1,"eg0056","eg0267",1
1,"eg0056","eg0162",1
1,"eg0056","eg0141",1
1,"eg0056","eg0131",2
1,"eg0056","eg0191",2
1,"eg0056","eg0269",2
1,"eg0056","eg0170",3
1,"eg0056","eg0135",3
1,"eg0056","eg0282",3
1,"eg0056","eg0150",4
1,"eg0056","eg0051",4
1,"eg0056","eg0213",6
1,"eg0056","eg0064",6
1,"eg0056","eg0047",6
1,"eg0056","eg0184",6
1,"eg0056","eg0207",7
1,"eg0056","eg0269",7
1,"eg0056","eg0138",8
1,"eg0056","eg0063",8
1,"eg0056","eg0279",9
1,"eg0056","eg0219",10
1,"eg0056","eg0167",10
1,"eg0056","eg0096",10
1,"eg0057","eg0131",1
1,"eg0057","eg0030",1
1,"eg0057","eg0283",3
1,"eg0057","eg0215",3
1,"eg0057","eg0061",3
1,"eg0057","eg0243",3
1,"eg0057","eg0157",4
1,"eg0057","eg0113",7
1,"eg0057","eg0170",7
1,"eg0057","eg0167",10
1,"eg0057","eg0187",10
1,"eg0058","eg0064",1
1,"eg0058","eg0187",1
1,"eg0058","eg0084",2
1,"eg0058","eg0072",2
1,"eg0058","eg0028",3
1,"eg0058","eg0048",3
1,"eg0058","eg0161",3
1,"eg0058","eg0249",4
1,"eg0058","eg0281",5
1,"eg0058","eg0286",5
1,"eg0058","eg0282",5
1,"eg0058","eg0160",6
1,"eg0058","eg0140",6
1,"eg0058","eg0034",7
1,"eg0058","eg0015",8
1,"eg0058","eg0218",8
1,"eg0058","eg0284",8
1,"eg0058","eg0279",8
1,"eg0058","eg0211",9
1,"eg0058","eg0207",9
1,"eg0058","eg0199",10
1,"eg0058","eg0279",10
1,"eg0059","eg0024",3
1,"eg0059","eg0214",3
1,"eg0059","eg0129",3
1,"eg0059","eg0122",3
1,"eg0059","eg0257",4
1,"eg0059","eg0210",5
1,"eg0059","eg0175",5
1,"eg0059","eg0238",5
1,"eg0059","eg0150",8
1,"eg0059","eg0087",8
1,"eg0059","eg0085",9
1,"eg0059","eg0168",9
1,"eg0059","eg0208",9
1,"eg0059","eg0117",10
1,"eg0059","eg0012",10
1,"eg0059","eg0074",10
1,"eg0059","eg0046",10
1,"eg0060","eg0275",1
1,"eg0060","eg0019",1
1,"eg0060","eg0169",1
1,"eg0060","eg0190",2
1,"eg0060","eg0099",2
1,"eg0060","eg0221",3
1,"eg0060","eg0199",4
1,"eg0060","eg0189",4
1,"eg0060","eg0275",5
1,"eg0060","eg0097",5
1,"eg0060","eg0169",5
1,"eg0060","eg0122",5
1,"eg0060","eg0059",6
1,"eg0060","eg0262",6
1,"eg0060","eg0112",6
1,"eg0060","eg0100",7
1,"eg0060","eg0173",7
1,"eg0060","eg0290",7
1,"eg0060","eg0084",8
1,"eg0060","eg0127",9
1,"eg0060","eg0166",9
1,"eg0060","eg0187",9
1,"eg0060","eg0194",9
1,"eg0060","eg0188",10
1,"eg0061","eg0203",1
1,"eg0061","eg0019",1
1,"eg0061","eg0101",1
1,"eg0061","eg0013",3
1,"eg0061","eg0003",3
1,"eg0061","eg0195",4
1,"eg0061","eg0022",5
1,"eg0061","eg0065",5
1,"eg0061","eg0042",7
1,"eg0061","eg0287",7
1,"eg0061","eg0280",8
1,"eg0061","eg0171",8
1,"eg0061","eg0264",8
1,"eg0061","eg0008",10
1,"eg0061","eg0129",10
1,"eg0061","eg0244",10
1,"eg0062","eg0035",1
1,"eg0062","eg0228",1
1,"eg0062","eg0043",1
1,"eg0062","eg0220",1
1,"eg0062","eg0061",4
1,"eg0062","eg0121",4
1,"eg0062","eg0002",4
1,"eg0062","eg0258",5
1,"eg0062","eg0164",5
1,"eg0062","eg0080",5
1,"eg0062","eg0165",5
1,"eg0062","eg0198",6
1,"eg0062","eg0289",6
1,"eg0062","eg0205",6
1,"eg0062","eg0030",7
1,"eg0062","eg0153",8
1,"eg0062","eg0167",8
1,"eg0062","eg0170",9
1,"eg0062","eg0270",9
1,"eg0063","eg0026",1
1,"eg0063","eg0227",1
1,"eg0063","eg0090",3
1,"eg0063","eg0281",3
1,"eg0063","eg0175",3
1,"eg0063","eg0285",4
1,"eg0063","eg0139",5
1,"eg0063","eg0220",5
1,"eg0063","eg0138",5
1,"eg0063","eg0284",5
1,"eg0063","eg0269",6
1,"eg0063","eg0122",6
1,"eg0063","eg0028",7
1,"eg0063","eg0111",7
1,"eg0063","eg0050",7
1,"eg0063","eg0213",9
1,"eg0063","eg0198",9
1,"eg0064","eg0236",1
1,"eg0064","eg0219",1
1,"eg0064","eg0163",2
1,"eg0064","eg0032",2
1,"eg0064","eg0179",2
1,"eg0064","eg0285",3
1,"eg0064","eg0152",3
1,"eg0064","eg0085",3
1,"eg0064","eg0184",3
1,"eg0064","eg0186",4
1,"eg0064","eg0105",4
1,"eg0064","eg0283",4
1,"eg0064","eg0088",4
1,"eg0064","eg0197",5
1,"eg0064","eg0194",5
1,"eg0064","eg0173",6
1,"eg0064","eg0065",6
1,"eg0064","eg0140",6
1,"eg0064","eg0052",6
1,"eg0064","eg0134",7
1,"eg0064","eg0197",7
1,"eg0064","eg0121",7
1,"eg0064","eg0252",7
1,"eg0064","eg0088",8
1,"eg0064","eg0100",8
1,"eg0064","eg0156",9
1,"eg0064","eg0105",10
1,"eg0064","eg0287",10
1,"eg0064","eg0005",10
1,"eg0064","eg0067",10
1,"eg0065","eg0204",1
1,"eg0065","eg0031",1
1,"eg0065","eg0099",1
1,"eg0065","eg0134",1
1,"eg0065","eg0267",2
1,"eg0065","eg0195",2
1,"eg0065","eg0185",3
1,"eg0065","eg0094",3
1,"eg0065","eg0064",3
1,"eg0065","eg0087",3
1,"eg0065","eg0059",4
1,"eg0065","eg0122",4
1,"eg0065","eg0068",7
1,"eg0065","eg0220",7
1,"eg0065","eg0085",7
1,"eg0065","eg0207",8
1,"eg0065","eg0052",8
1,"eg0065","eg0249",8
1,"eg0065","eg0084",8
1,"eg0065","eg0262",9
1,"eg0065","eg0173",9
1,"eg0065","eg0225",9
1,"eg0065","eg0085",9
1,"eg0065","eg0163",10
1,"eg0065","eg0072",10
1,"eg0065","eg0067",10
1,"eg0067","eg0185",1
1,"eg0067","eg0228",1
1,"eg0067","eg0214",1
1,"eg0067","eg0012",2
1,"eg0067","eg0174",2
1,"eg0067","eg0111",2
1,"eg0067","eg0073",3
1,"eg0067","eg0001",3
1,"eg0067","eg0171",3
1,"eg0067","eg0162",4
1,"eg0067","eg0099",5
1,"eg0067","eg0282",5
1,"eg0067","eg0129",5
1,"eg0067","eg0111",8
1,"eg0068","eg0233",2
1,"eg0068","eg0078",2
1,"eg0068","eg0165",3
1,"eg0068","eg0084",3
1,"eg0068","eg0148",3
1,"eg0068","eg0150",5
1,"eg0068","eg0057",5
1,"eg0068","eg0105",5
1,"eg0068","eg0281",6
1,"eg0068","eg0104",6
1,"eg0068","eg0277",6
1,"eg0068","eg0089",6
1,"eg0068","eg0218",7
1,"eg0068","eg0251",8
1,"eg0068","eg0215",8
1,"eg0068","eg0050",8
1,"eg0068","eg0115",9
1,"eg0068","eg0064",9
1,"eg0068","eg0174",9
1,"eg0068","eg0182",10
1,"eg0072","eg0115",1
1,"eg0072","eg0084",1
1,"eg0072","eg0048",1
1,"eg0072","eg0152",2
1,"eg0072","eg0123",4
1,"eg0072","eg0087",4
1,"eg0072","eg0135",4
1,"eg0072","eg0150",5
1,"eg0072","eg0128",5
1,"eg0072","eg0131",5
1,"eg0072","eg0051",6
1,"eg0072","eg0226",6
1,"eg0072","eg0195",7
1,"eg0072","eg0262",7
1,"eg0072","eg0185",9
1,"eg0072","eg0122",10
1,"eg0073","eg0194",1
1,"eg0073","eg0274",1
1,"eg0073","eg0175",2
1,"eg0073","eg0217",2
1,"eg0073","eg0290",2
1,"eg0073","eg0182",3
1,"eg0073","eg0032",3
1,"eg0073","eg0285",4
1,"eg0073","eg0024",4
1,"eg0073","eg0281",4
1,"eg0073","eg0157",4
1,"eg0073","eg0225",5
1,"eg0073","eg0131",6
1,"eg0073","eg0053",6
1,"eg0073","eg0015",6
1,"eg0073","eg0257",6
1,"eg0073","eg0132",7
1,"eg0073","eg0267",8
1,"eg0073","eg0139",8
1,"eg0073","eg0003",9
1,"eg0074","eg0100",1
1,"eg0074","eg0223",1
1,"eg0074","eg0218",2
1,"eg0074","eg0072",2
1,"eg0074","eg0097",2
1,"eg0074","eg0164",3
1,"eg0074","eg0290",4
1,"eg0074","eg0175",4
1,"eg0074","eg0168",4
1,"eg0074","eg0270",4
1,"eg0074","eg0072",5
1,"eg0074","eg0078",5
1,"eg0074","eg0185",5
1,"eg0074","eg0112",5
1,"eg0074","eg0094",6
1,"eg0074","eg0204",6
1,"eg0074","eg0278",7
1,"eg0074","eg0258",7
1,"eg0074","eg0190",7
1,"eg0074","eg0032",8
1,"eg0074","eg0283",9
1,"eg0074","eg0280",10
1,"eg0074","eg0015",10
1,"eg0074","eg0064",10
1,"eg0077","eg0089",1
1,"eg0077","eg0171",1
1,"eg0077","eg0227",2
1,"eg0077","eg0221",3
1,"eg0077","eg0135",3
1,"eg0077","eg0094",5
1,"eg0077","eg0221",5
1,"eg0077","eg0163",6
1,"eg0077","eg0122",7
1,"eg0077","eg0213",7
1,"eg0077","eg0061",8
1,"eg0077","eg0226",10
1,"eg0078","eg0002",1
1,"eg0078","eg0290",1
1,"eg0078","eg0148",2
1,"eg0078","eg0283",2
1,"eg0078","eg0269",7
1,"eg0078","eg0042",7
1,"eg0078","eg0209",8
1,"eg0078","eg0146",8
1,"eg0078","eg0008",9
1,"eg0078","eg0024",9
1,"eg0078","eg0097",9
1,"eg0078","eg0232",10
1,"eg0078","eg0129",10
1,"eg0078","eg0010",10
1,"eg0080","eg0048",2
1,"eg0080","eg0169",2
1,"eg0080","eg0195",2
1,"eg0080","eg0124",4
1,"eg0080","eg0178",6
1,"eg0080","eg0146",8
1,"eg0080","eg0287",8
1,"eg0080","eg0025",9
1,"eg0080","eg0115",9
1,"eg0080","eg0172",9
1,"eg0080","eg0267",10
1,"eg0080","eg0149",10
1,"eg0080","eg0100",10
1,"eg0080","eg0089",10
1,"eg0084","eg0196",1
1,"eg0084","eg0028",1
1,"eg0084","eg0165",2
1,"eg0084","eg0220",2
1,"eg0084","eg0163",2
1,"eg0084","eg0074",3
1,"eg0084","eg0184",3
1,"eg0084","eg0105",3
1,"eg0084","eg0146",5
1,"eg0084","eg0026",5
1,"eg0084","eg0099",5
1,"eg0084","eg0204",6
1,"eg0084","eg0057",6
1,"eg0084","eg0272",6
1,"eg0084","eg0104",6
1,"eg0084","eg0030",7
1,"eg0084","eg0007",7
1,"eg0084","eg0281",8
1,"eg0084","eg0065",10
1,"eg0085","eg0114",1
1,"eg0085","eg0238",2
1,"eg0085","eg0056",2
1,"eg0085","eg0204",2
1,"eg0085","eg0087",3
1,"eg0085","eg0270",3
1,"eg0085","eg0173",3
1,"eg0085","eg0134",3
1,"eg0085","eg0208",4
1,"eg0085","eg0064",4
1,"eg0085","eg0001",4
1,"eg0085","eg0059",4
1,"eg0085","eg0139",6
1,"eg0085","eg0164",9
1,"eg0085","eg0084",9
1,"eg0087","eg0209",1
1,"eg0087","eg0067",1
1,"eg0087","eg0157",2
1,"eg0087","eg0211",2
1,"eg0087","eg0035",2
1,"eg0087","eg0026",2
1,"eg0087","eg0061",4
1,"eg0087","eg0112",4
1,"eg0087","eg0043",4
1,"eg0087","eg0280",5
1,"eg0087","eg0042",5
1,"eg0087","eg0074",5
1,"eg0087","eg0159",5
1,"eg0087","eg0274",6
1,"eg0087","eg0077",6
1,"eg0087","eg0160",6
1,"eg0087","eg0042",6
1,"eg0087","eg0135",7
1,"eg0087","eg0128",7
1,"eg0087","eg0214",7
1,"eg0087","eg0184",8
1,"eg0087","eg0133",8
1,"eg0087","eg0152",8
1,"eg0087","eg0280",9
1,"eg0087","eg0004",9
1,"eg0087","eg0284",10
1,"eg0087","eg0012",10
1,"eg0088","eg0090",1
1,"eg0088","eg0165",1
1,"eg0088","eg0008",3
1,"eg0088","eg0223",3
1,"eg0088","eg0282",3
1,"eg0088","eg0233",3
1,"eg0088","eg0018",4
1,"eg0088","eg0287",5
1,"eg0088","eg0204",6
1,"eg0088","eg0208",6
1,"eg0088","eg0003",7
1,"eg0088","eg0249",7
1,"eg0088","eg0013",7
1,"eg0088","eg0178",7
1,"eg0088","eg0244",8
1,"eg0088","eg0123",8
1,"eg0088","eg0005",10
1,"eg0088","eg0178",10
1,"eg0088","eg0064",10
1,"eg0089","eg0063",1
1,"eg0089","eg0002",1
1,"eg0089","eg0208",1
1,"eg0089","eg0090",1
1,"eg0089","eg0148",2
1,"eg0089","eg0269",2
1,"eg0089","eg0008",3
1,"eg0089","eg0278",5
1,"eg0089","eg0149",5
1,"eg0089","eg0139",5
1,"eg0089","eg0117",5
1,"eg0089","eg0084",6
1,"eg0089","eg0211",6
1,"eg0089","eg0068",6
1,"eg0089","eg0036",7
1,"eg0089","eg0064",7
1,"eg0089","eg0139",7
1,"eg0089","eg0010",8
1,"eg0089","eg0026",8
1,"eg0089","eg0184",9
1,"eg0089","eg0221",9
1,"eg0089","eg0222",9
1,"eg0089","eg0012",10
1,"eg0089","eg0244",10
1,"eg0089","eg0267",10
1,"eg0089","eg0114",10
1,"eg0090","eg0100",2
1,"eg0090","eg0004",2
1,"eg0090","eg0211",2
1,"eg0090","eg0025",2
1,"eg0090","eg0188",3
1,"eg0090","eg0274",3
1,"eg0090","eg0209",3
1,"eg0090","eg0010",3
1,"eg0090","eg0118",4
1,"eg0090","eg0146",4
1,"eg0090","eg0156",4
1,"eg0090","eg0245",5
1,"eg0090","eg0228",6
1,"eg0090","eg0230",6
1,"eg0090","eg0080",6
1,"eg0090","eg0034",7
1,"eg0090","eg0265",7
1,"eg0090","eg0022",7
1,"eg0090","eg0213",7
1,"eg0090","eg0233",8
1,"eg0090","eg0061",8
1,"eg0090","eg0222",10
1,"eg0090","eg0146",10
1,"eg0090","eg0113",10
1,"eg0090","eg0046",10
1,"eg0094","eg0064",1
1,"eg0094","eg0264",1
1,"eg0094","eg0279",4
1,"eg0094","eg0219",4
1,"eg0094","eg0176",4
1,"eg0094","eg0290",4
1,"eg0094","eg0214",5
1,"eg0094","eg0289",5
1,"eg0094","eg0036",5
1,"eg0094","eg0207",6
1,"eg0094","eg0285",6
1,"eg0094","eg0039",8
1,"eg0094","eg0213",9
1,"eg0094","eg0227",9
1,"eg0094","eg0191",9
1,"eg0094","eg0275",9
1,"eg0094","eg0163",10
1,"eg0096","eg0219",1
1,"eg0096","eg0132",1
1,"eg0096","eg0117",2
1,"eg0096","eg0048",2
1,"eg0096","eg0022",2
1,"eg0096","eg0170",2
1,"eg0096","eg0106",3
1,"eg0096","eg0178",3
1,"eg0096","eg0169",3
1,"eg0096","eg0162",3
1,"eg0096","eg0205",4
1,"eg0096","eg0274",4
1,"eg0096","eg0085",5
1,"eg0096","eg0146",7
1,"eg0096","eg0047",7
1,"eg0096","eg0068",7
1,"eg0096","eg0067",7
1,"eg0096","eg0155",8
1,"eg0096","eg0249",8
1,"eg0096","eg0045",8
1,"eg0096","eg0101",9
1,"eg0096","eg0290",9
1,"eg0096","eg0111",9
1,"eg0096","eg0114",9
1,"eg0096","eg0124",10
1,"eg0096","eg0244",10
1,"eg0096","eg0107",10
1,"eg0097","eg0209",1
1,"eg0097","eg0180",1
1,"eg0097","eg0050",1
1,"eg0097","eg0057",1
1,"eg0097","eg0251",2
1,"eg0097","eg0173",2
1,"eg0097","eg0140",2
1,"eg0097","eg0258",4
1,"eg0097","eg0034",4
1,"eg0097","eg0128",5
1,"eg0097","eg0180",5
1,"eg0097","eg0026",6
1,"eg0097","eg0160",6
1,"eg0097","eg0178",6
1,"eg0097","eg0215",6
1,"eg0097","eg0025",8
1,"eg0097","eg0124",8
1,"eg0097","eg0134",8
1,"eg0097","eg0214",8
1,"eg0097","eg0266",10
1,"eg0097","eg0104",10
1,"eg0099","eg0007",1
1,"eg0099","eg0180",1
1,"eg0099","eg0270",1
1,"eg0099","eg0209",2
1,"eg0099","eg0077",2
1,"eg0099","eg0167",3
1,"eg0099","eg0090",3
1,"eg0099","eg0002",4
1,"eg0099","eg0207",6
1,"eg0099","eg0265",7
1,"eg0099","eg0213",7
1,"eg0099","eg0021",8
1,"eg0099","eg0110",9
1,"eg0099","eg0117",9
1,"eg0099","eg0205",10
1,"eg0099","eg0085",10
1,"eg0099","eg0230",10
1,"eg0099","eg0042",10
1,"eg0100","eg0085",1
1,"eg0100","eg0238",1
1,"eg0100","eg0122",1
1,"eg0100","eg0132",1
1,"eg0100","eg0123",2
1,"eg0100","eg0012",3
1,"eg0100","eg0106",4
1,"eg0100","eg0056",4
1,"eg0100","eg0034",4
1,"eg0100","eg0195",4
1,"eg0100","eg0064",5
1,"eg0100","eg0123",5
1,"eg0100","eg0003",6
1,"eg0100","eg0073",6
1,"eg0100","eg0243",7
1,"eg0100","eg0148",7
1,"eg0100","eg0058",8
1,"eg0100","eg0062",8
1,"eg0100","eg0270",8
1,"eg0100","eg0221",8
1,"eg0100","eg0120",9
1,"eg0100","eg0148",9
1,"eg0100","eg0196",9
1,"eg0100","eg0149",9
1,"eg0100","eg0266",10
1,"eg0101","eg0219",1
1,"eg0101","eg0100",3
1,"eg0101","eg0050",3
1,"eg0101","eg0127",3
1,"eg0101","eg0173",3
1,"eg0101","eg0180",4
1,"eg0101","eg0060",5
1,"eg0101","eg0115",5
1,"eg0101","eg0080",7
1,"eg0101","eg0013",8
1,"eg0101","eg0122",8
1,"eg0101","eg0157",8
1,"eg0101","eg0223",9
1,"eg0101","eg0170",9
1,"eg0101","eg0005",9
1,"eg0101","eg0145",9
1,"eg0101","eg0149",10
1,"eg0101","eg0265",10
1,"eg0104","eg0275",1
1,"eg0104","eg0057",1
1,"eg0104","eg0011",1
1,"eg0104","eg0097",1
1,"eg0104","eg0030",2
1,"eg0104","eg0169",2
1,"eg0104","eg0090",2
1,"eg0104","eg0275",2
1,"eg0104","eg0134",3
1,"eg0104","eg0145",3
1,"eg0104","eg0004",4
1,"eg0104","eg0153",4
1,"eg0104","eg0149",5
1,"eg0104","eg0118",5
1,"eg0104","eg0196",6
1,"eg0104","eg0189",6
1,"eg0104","eg0245",7
1,"eg0104","eg0162",7
1,"eg0104","eg0236",7
1,"eg0104","eg0180",8
1,"eg0104","eg0085",8
1,"eg0104","eg0185",8
1,"eg0104","eg0008",8
1,"eg0104","eg0236",9
1,"eg0104","eg0210",9
1,"eg0104","eg0115",9
1,"eg0104","eg0123",9
1,"eg0104","eg0220",10
1,"eg0105","eg0061",2
1,"eg0105","eg0189",3
1,"eg0105","eg0010",3
1,"eg0105","eg0146",3
1,"eg0105","eg0064",4
1,"eg0105","eg0233",5
1,"eg0105","eg0237",5
1,"eg0105","eg0217",5
1,"eg0105","eg0205",6
1,"eg0105","eg0045",7
1,"eg0105","eg0175",7
1,"eg0105","eg0184",7
1,"eg0105","eg0036",7
1,"eg0105","eg0043",8
1,"eg0105","eg0104",8
1,"eg0105","eg0036",8
1,"eg0105","eg0232",8
1,"eg0105","eg0004",9
1,"eg0105","eg0057",9
1,"eg0105","eg0280",9
1,"eg0105","eg0048",10
1,"eg0105","eg0063",10
1,"eg0105","eg0270",10
1,"eg0106","eg0228",1
1,"eg0106","eg0245",1
1,"eg0106","eg0117",2
1,"eg0106","eg0004",2
1,"eg0106","eg0174",2
1,"eg0106","eg0152",2
1,"eg0106","eg0167",5
1,"eg0106","eg0077",5
1,"eg0106","eg0114",5
1,"eg0106","eg0096",6
1,"eg0106","eg0048",6
1,"eg0106","eg0139",8
1,"eg0106","eg0213",8
1,"eg0106","eg0289",8
1,"eg0106","eg0148",8
1,"eg0106","eg0112",9
1,"eg0106","eg0258",10
1,"eg0107","eg0117",1
1,"eg0107","eg0135",1
1,"eg0107","eg0140",1
1,"eg0107","eg0267",1
1,"eg0107","eg0005",2
1,"eg0107","eg0176",3
1,"eg0107","eg0281",5
1,"eg0107","eg0223",5
1,"eg0107","eg0277",5
1,"eg0107","eg0163",5
1,"eg0107","eg0001",7
1,"eg0107","eg0165",8
1,"eg0107","eg0162",8
1,"eg0107","eg0105",8
1,"eg0107","eg0157",10
1,"eg0107","eg0134",10
1,"eg0107","eg0024",10
1,"eg0107","eg0140",10
1,"eg0110","eg0153",1
1,"eg0110","eg0163",3
1,"eg0110","eg0278",3
1,"eg0110","eg0285",5
1,"eg0110","eg0015",5
1,"eg0110","eg0258",5
1,"eg0110","eg0063",5
1,"eg0110","eg0096",6
1,"eg0110","eg0228",6
1,"eg0110","eg0073",8
1,"eg0110","eg0026",8
1,"eg0110","eg0187",8
1,"eg0110","eg0034",8
1,"eg0110","eg0057",9
1,"eg0111","eg0139",1
1,"eg0111","eg0221",1
1,"eg0111","eg0277",2
1,"eg0111","eg0105",2
1,"eg0111","eg0226",3
1,"eg0111","eg0208",3
1,"eg0111","eg0187",3
1,"eg0111","eg0280",3
1,"eg0111","eg0015",4
1,"eg0111","eg0199",4
1,"eg0111","eg0050",4
1,"eg0111","eg0275",5
1,"eg0111","eg0185",5
1,"eg0111","eg0003",6
1,"eg0111","eg0225",6
1,"eg0111","eg0232",6
1,"eg0111","eg0212",7
1,"eg0111","eg0189",7
1,"eg0111","eg0018",7
1,"eg0111","eg0226",7
1,"eg0111","eg0110",8
1,"eg0111","eg0025",9
1,"eg0111","eg0199",9
1,"eg0111","eg0019",9
1,"eg0111","eg0156",9
1,"eg0111","eg0187",10
1,"eg0112","eg0096",2
1,"eg0112","eg0195",3
1,"eg0112","eg0284",3
1,"eg0112","eg0173",3
1,"eg0112","eg0190",4
1,"eg0112","eg0159",4
1,"eg0112","eg0045",4
1,"eg0112","eg0165",5
1,"eg0112","eg0233",5
1,"eg0112","eg0150",6
1,"eg0112","eg0169",6
1,"eg0112","eg0132",6
1,"eg0112","eg0005",6
1,"eg0112","eg0174",7
1,"eg0112","eg0245",9
1,"eg0112","eg0266",10
1,"eg0112","eg0265",10
1,"eg0112","eg0174",10
1,"eg0112","eg0176",10
1,"eg0113","eg0168",1
1,"eg0113","eg0217",1
1,"eg0113","eg0112",2
1,"eg0113","eg0096",2
1,"eg0113","eg0078",3
1,"eg0113","eg0209",3
1,"eg0113","eg0203",3
1,"eg0113","eg0164",3
1,"eg0113","eg0174",5
1,"eg0113","eg0280",6
1,"eg0113","eg0279",6
1,"eg0113","eg0285",6
1,"eg0113","eg0152",6
1,"eg0113","eg0269",7
1,"eg0113","eg0156",9
1,"eg0113","eg0159",9
1,"eg0113","eg0043",10
1,"eg0113","eg0068",10
1,"eg0113","eg0161",10
1,"eg0114","eg0008",2
1,"eg0114","eg0205",3
1,"eg0114","eg0249",4
1,"eg0114","eg0105",5
1,"eg0114","eg0011",5
1,"eg0114","eg0004",5
1,"eg0114","eg0182",6
1,"eg0114","eg0214",6
1,"eg0114","eg0175",6
1,"eg0114","eg0161",7
1,"eg0114","eg0230",7
1,"eg0114","eg0107",8
1,"eg0114","eg0162",8
1,"eg0114","eg0039",8
1,"eg0114","eg0216",9
1,"eg0114","eg0145",9
1,"eg0114","eg0118",9
1,"eg0114","eg0042",9
1,"eg0115","eg0243",1
1,"eg0115","eg0197",1
1,"eg0115","eg0104",2
1,"eg0115","eg0186",2
1,"eg0115","eg0152",2
1,"eg0115","eg0178",3
1,"eg0115","eg0289",3
1,"eg0115","eg0245",3
1,"eg0115","eg0160",4
1,"eg0115","eg0221",4
1,"eg0115","eg0258",5
1,"eg0115","eg0153",5
1,"eg0115","eg0043",5
1,"eg0115","eg0065",5
1,"eg0115","eg0088",6
1,"eg0115","eg0005",6
1,"eg0115","eg0272",6
1,"eg0115","eg0167",6
1,"eg0115","eg0262",7
1,"eg0115","eg0168",7
1,"eg0115","eg0286",8
1,"eg0115","eg0011",9
1,"eg0115","eg0047",9
1,"eg0115","eg0243",10
1,"eg0115","eg0011",10
1,"eg0117","eg0111",2
1,"eg0117","eg0141",2
1,"eg0117","eg0062",3
1,"eg0117","eg0100",3
1,"eg0117","eg0226",4
1,"eg0117","eg0042",4
1,"eg0117","eg0164",5
1,"eg0117","eg0113",5
1,"eg0117","eg0112",6
1,"eg0117","eg0110",6
1,"eg0117","eg0097",6
1,"eg0117","eg0170",6
1,"eg0117","eg0232",7
1,"eg0117","eg0244",7
1,"eg0117","eg0035",8
1,"eg0117","eg0252",9
1,"eg0117","eg0148",9
1,"eg0117","eg0045",10
1,"eg0117","eg0046",10
1,"eg0117","eg0262",10
1,"eg0117","eg0007",10
1,"eg0118","eg0127",1
1,"eg0118","eg0284",1
1,"eg0118","eg0018",1
1,"eg0118","eg0228",2
1,"eg0118","eg0145",3
1,"eg0118","eg0021",3
1,"eg0118","eg0186",3
1,"eg0118","eg0022",4
1,"eg0118","eg0045",4
1,"eg0118","eg0145",4
1,"eg0118","eg0211",4
1,"eg0118","eg0179",5
1,"eg0118","eg0204",5
1,"eg0118","eg0267",6
1,"eg0118","eg0187",7
1,"eg0118","eg0053",7
1,"eg0118","eg0173",7
1,"eg0118","eg0146",7
1,"eg0118","eg0094",8
1,"eg0118","eg0164",8
1,"eg0118","eg0019",8
1,"eg0118","eg0165",9
1,"eg0118","eg0228",9
1,"eg0118","eg0043",9
1,"eg0118","eg0129",10
1,"eg0120","eg0122",1
1,"eg0120","eg0198",3
1,"eg0120","eg0161",4
1,"eg0120","eg0175",5
1,"eg0120","eg0172",5
1,"eg0120","eg0150",6
1,"eg0120","eg0196",6
1,"eg0120","eg0051",6
1,"eg0120","eg0169",10
1,"eg0120","eg0170",10
1,"eg0121","eg0138",1
1,"eg0121","eg0290",2
1,"eg0121","eg0162",2
1,"eg0121","eg0188",2
1,"eg0121","eg0045",2
1,"eg0121","eg0046",3
1,"eg0121","eg0156",4
1,"eg0121","eg0208",4
1,"eg0121","eg0191",5
1,"eg0121","eg0185",5
1,"eg0121","eg0111",5
1,"eg0121","eg0243",6
1,"eg0121","eg0077",7
1,"eg0121","eg0290",8
1,"eg0121","eg0280",8
1,"eg0121","eg0120",8
1,"eg0121","eg0018",8
1,"eg0121","eg0228",9
1,"eg0121","eg0188",9
1,"eg0121","eg0051",9
1,"eg0121","eg0043",10
1,"eg0121","eg0128",10
1,"eg0121","eg0249",10
1,"eg0122","eg0123",1
1,"eg0122","eg0194",2
1,"eg0122","eg0090",3
1,"eg0122","eg0124",3
1,"eg0122","eg0155",3
1,"eg0122","eg0178",3
1,"eg0122","eg0045",4
1,"eg0122","eg0161",4
1,"eg0122","eg0182",4
1,"eg0122","eg0026",4
1,"eg0122","eg0225",5
1,"eg0122","eg0238",5
1,"eg0122","eg0208",5
1,"eg0122","eg0034",5
1,"eg0122","eg0030",6
1,"eg0122","eg0161",6
1,"eg0122","eg0282",6
1,"eg0122","eg0104",7
1,"eg0122","eg0024",10
1,"eg0122","eg0021",10
1,"eg0122","eg0185",10
1,"eg0123","eg0168",1
1,"eg0123","eg0112",3
1,"eg0123","eg0128",4
1,"eg0123","eg0165",6
1,"eg0123","eg0087",6
1,"eg0123","eg0281",7
1,"eg0123","eg0018",7
1,"eg0123","eg0131",7
1,"eg0123","eg0089",8
1,"eg0123","eg0052",8
1,"eg0123","eg0212",10
1,"eg0123","eg0002",10
1,"eg0123","eg0210",10
1,"eg0124","eg0269",2
1,"eg0124","eg0173",2
1,"eg0124","eg0101",2
1,"eg0124","eg0289",5
1,"eg0124","eg0043",5
1,"eg0124","eg0127",5
1,"eg0124","eg0185",5
1,"eg0124","eg0051",6
1,"eg0124","eg0011",6
1,"eg0124","eg0228",7
1,"eg0124","eg0021",7
1,"eg0124","eg0105",7
1,"eg0124","eg0233",7
1,"eg0124","eg0003",8
1,"eg0124","eg0094",10
1,"eg0124","eg0166",10
1,"eg0124","eg0099",10
1,"eg0124","eg0204",10
1,"eg0127","eg0047",1
1,"eg0127","eg0048",1
1,"eg0127","eg0032",1
1,"eg0127","eg0284",3
1,"eg0127","eg0219",4
1,"eg0127","eg0266",4
1,"eg0127","eg0111",4
1,"eg0127","eg0249",4
1,"eg0127","eg0061",5
1,"eg0127","eg0188",5
1,"eg0127","eg0212",5
1,"eg0127","eg0001",6
1,"eg0127","eg0032",6
1,"eg0127","eg0161",9
1,"eg0127","eg0178",9
1,"eg0127","eg0228",9
1,"eg0127","eg0283",9
1,"eg0127","eg0162",10
1,"eg0127","eg0134",10
1,"eg0128","eg0189",3
1,"eg0128","eg0012",3
1,"eg0128","eg0264",4
1,"eg0128","eg0279",5
1,"eg0128","eg0067",5
1,"eg0128","eg0150",5
1,"eg0128","eg0157",5
1,"eg0128","eg0032",6
1,"eg0128","eg0219",6
1,"eg0128","eg0030",6
1,"eg0128","eg0115",9
1,"eg0128","eg0107",9
1,"eg0128","eg0141",9
1,"eg0128","eg0052",10
1,"eg0128","eg0148",10
1,"eg0128","eg0107",10
1,"eg0128","eg0281",10
1,"eg0129","eg0094",1
1,"eg0129","eg0051",1
1,"eg0129","eg0146",1
1,"eg0129","eg0204",1
1,"eg0129","eg0061",2
1,"eg0129","eg0218",2
1,"eg0129","eg0233",2
1,"eg0129","eg0164",2
1,"eg0129","eg0198",4
1,"eg0129","eg0269",4
1,"eg0129","eg0188",4
1,"eg0129","eg0061",4
1,"eg0129","eg0047",5
1,"eg0129","eg0204",5
1,"eg0129","eg0188",7
1,"eg0129","eg0111",7
1,"eg0129","eg0238",8
1,"eg0129","eg0196",8
1,"eg0129","eg0036",9
1,"eg0129","eg0217",9
1,"eg0129","eg0073",9
1,"eg0131","eg0145",1
1,"eg0131","eg0046",1
1,"eg0131","eg0187",1
1,"eg0131","eg0097",1
1,"eg0131","eg0211",3
1,"eg0131","eg0220",3
1,"eg0131","eg0087",3
1,"eg0131","eg0262",4
1,"eg0131","eg0208",4
1,"eg0131","eg0104",4
1,"eg0131","eg0010",4
1,"eg0131","eg0188",6
1,"eg0131","eg0073",6
1,"eg0131","eg0124",6
1,"eg0131","eg0208",7
1,"eg0131","eg0094",7
1,"eg0131","eg0290",7
1,"eg0131","eg0107",7
1,"eg0131","eg0237",8
1,"eg0131","eg0162",8
1,"eg0131","eg0245",8
1,"eg0131","eg0005",9
1,"eg0131","eg0194",9
1,"eg0131","eg0215",9
1,"eg0131","eg0112",9
1,"eg0131","eg0287",10
1,"eg0131","eg0219",10
1,"eg0131","eg0238",10
1,"eg0131","eg0204",10
1,"eg0132","eg0067",1
1,"eg0132","eg0236",1
1,"eg0132","eg0057",1
1,"eg0132","eg0264",2
1,"eg0132","eg0007",2
1,"eg0132","eg0191",2
1,"eg0132","eg0047",4
1,"eg0132","eg0141",4
1,"eg0132","eg0063",4
1,"eg0132","eg0171",6
1,"eg0132","eg0134",6
1,"eg0132","eg0165",6
1,"eg0132","eg0096",8
1,"eg0132","eg0278",8
1,"eg0132","eg0065",8
1,"eg0132","eg0272",9
1,"eg0132","eg0236",9
1,"eg0132","eg0146",9
1,"eg0132","eg0208",10
1,"eg0133","eg0194",2
1,"eg0133","eg0118",2
1,"eg0133","eg0249",3
1,"eg0133","eg0051",3
1,"eg0133","eg0141",3
1,"eg0133","eg0289",4
1,"eg0133","eg0067",4
1,"eg0133","eg0274",4
1,"eg0133","eg0005",4
1,"eg0133","eg0195",5
1,"eg0133","eg0228",5
1,"eg0133","eg0096",5
1,"eg0133","eg0258",5
1,"eg0133","eg0267",7
1,"eg0133","eg0010",7
1,"eg0133","eg0153",7
1,"eg0133","eg0163",8
1,"eg0133","eg0279",8
1,"eg0133","eg0228",8
1,"eg0133","eg0205",8
1,"eg0133","eg0264",9
1,"eg0133","eg0257",9
1,"eg0133","eg0115",10
1,"eg0133","eg0285",10
1,"eg0133","eg0221",10
1,"eg0133","eg0138",10
1,"eg0134","eg0258",2
1,"eg0134","eg0252",3
1,"eg0134","eg0221",3
1,"eg0134","eg0238",3
1,"eg0134","eg0001",6
1,"eg0134","eg0106",6
1,"eg0134","eg0228",7
1,"eg0134","eg0003",8
1,"eg0134","eg0005",8
1,"eg0134","eg0176",8
1,"eg0134","eg0162",8
1,"eg0134","eg0120",9
1,"eg0134","eg0030",9
1,"eg0134","eg0047",9
1,"eg0134","eg0160",9
1,"eg0134","eg0210",10
1,"eg0134","eg0007",10
1,"eg0134","eg0002",10
1,"eg0135","eg0019",1
1,"eg0135","eg0153",1
1,"eg0135","eg0284",2
1,"eg0135","eg0084",2
1,"eg0135","eg0053",2
1,"eg0135","eg0154",3
1,"eg0135","eg0196",3
1,"eg0135","eg0203",4
1,"eg0135","eg0032",4
1,"eg0135","eg0157",5
1,"eg0135","eg0120",7
1,"eg0135","eg0133",7
1,"eg0135","eg0053",10
1,"eg0135","eg0205",10
1,"eg0138","eg0039",1
1,"eg0138","eg0050",1
1,"eg0138","eg0175",1
1,"eg0138","eg0154",3
1,"eg0138","eg0150",4
1,"eg0138","eg0258",4
1,"eg0138","eg0117",4
1,"eg0138","eg0182",4
1,"eg0138","eg0232",7
1,"eg0138","eg0114",7
1,"eg0138","eg0025",9
1,"eg0138","eg0043",10
1,"eg0139","eg0059",1
1,"eg0139","eg0223",1
1,"eg0139","eg0048",2
1,"eg0139","eg0164",2
1,"eg0139","eg0012",2
1,"eg0139","eg0238",4
1,"eg0139","eg0084",4
1,"eg0139","eg0182",5
1,"eg0139","eg0204",5
1,"eg0139","eg0264",6
1,"eg0139","eg0051",6
1,"eg0139","eg0090",6
1,"eg0139","eg0274",6
1,"eg0139","eg0156",7
1,"eg0139","eg0019",7
1,"eg0139","eg0153",8
1,"eg0139","eg0203",8
1,"eg0139","eg0179",9
1,"eg0139","eg0061",9
1,"eg0139","eg0223",9
1,"eg0139","eg0042",9
1,"eg0139","eg0107",10
1,"eg0140","eg0225",1
1,"eg0140","eg0282",2
1,"eg0140","eg0245",2
1,"eg0140","eg0035",2
1,"eg0140","eg0216",3
1,"eg0140","eg0195",3
1,"eg0140","eg0164",3
1,"eg0140","eg0002",4
1,"eg0140","eg0101",4
1,"eg0140","eg0277",4
1,"eg0140","eg0221",4
1,"eg0140","eg0021",5
1,"eg0140","eg0112",5
1,"eg0140","eg0265",5
1,"eg0140","eg0283",5
1,"eg0140","eg0155",6
1,"eg0140","eg0052",7
1,"eg0140","eg0197",7
1,"eg0140","eg0122",9
1,"eg0140","eg0002",9
1,"eg0140","eg0118",9
1,"eg0140","eg0045",9
1,"eg0140","eg0205",10
1,"eg0140","eg0019",10
1,"eg0140","eg0128",10
1,"eg0140","eg0067",10
1,"eg0141","eg0286",1
1,"eg0141","eg0267",1
1,"eg0141","eg0067",1
1,"eg0141","eg0087",1
1,"eg0141","eg0159",2
1,"eg0141","eg0216",2
1,"eg0141","eg0084",3
1,"eg0141","eg0211",3
1,"eg0141","eg0161",3
1,"eg0141","eg0265",4
1,"eg0141","eg0085",4
1,"eg0141","eg0155",4
1,"eg0141","eg0018",5
1,"eg0141","eg0167",5
1,"eg0141","eg0190",7
1,"eg0141","eg0153",8
1,"eg0141","eg0174",8
1,"eg0141","eg0187",8
1,"eg0141","eg0050",9
1,"eg0141","eg0062",10
1,"eg0141","eg0277",10
1,"eg0141","eg0138",10
1,"eg0145","eg0189",1
1,"eg0145","eg0018",1
1,"eg0145","eg0283",1
1,"eg0145","eg0265",3
1,"eg0145","eg0281",4
1,"eg0145","eg0123",4
1,"eg0145","eg0068",4
1,"eg0145","eg0204",5
1,"eg0145","eg0258",6
1,"eg0145","eg0270",7
1,"eg0145","eg0128",7
1,"eg0145","eg0169",7
1,"eg0145","eg0228",7
1,"eg0145","eg0034",8
1,"eg0145","eg0157",8
1,"eg0145","eg0207",8
1,"eg0145","eg0026",8
1,"eg0145","eg0067",9
1,"eg0145","eg0236",9
1,"eg0145","eg0162",9
1,"eg0145","eg0289",9
1,"eg0146","eg0085",2
1,"eg0146","eg0113",2
1,"eg0146","eg0030",2
1,"eg0146","eg0188",3
1,"eg0146","eg0134",3
1,"eg0146","eg0285",3
1,"eg0146","eg0199",4
1,"eg0146","eg0152",4
1,"eg0146","eg0032",5
1,"eg0146","eg0210",5
1,"eg0146","eg0013",6
1,"eg0146","eg0058",6
1,"eg0146","eg0021",6
1,"eg0146","eg0087",6
1,"eg0146","eg0013",7
1,"eg0146","eg0219",7
1,"eg0146","eg0280",8
1,"eg0146","eg0149",9
1,"eg0146","eg0174",10
1,"eg0146","eg0159",10
1,"eg0146","eg0264",10
1,"eg0148","eg0110",1
1,"eg0148","eg0090",2
1,"eg0148","eg0196",2
1,"eg0148","eg0237",2
1,"eg0148","eg0179",2
1,"eg0148","eg0080",4
1,"eg0148","eg0211",4
1,"eg0148","eg0226",5
1,"eg0148","eg0096",5
1,"eg0148","eg0056",6
1,"eg0148","eg0252",7
1,"eg0148","eg0133",8
1,"eg0148","eg0278",8
1,"eg0148","eg0167",9
1,"eg0148","eg0113",9
1,"eg0148","eg0128",9
1,"eg0148","eg0060",10
1,"eg0148","eg0002",10
1,"eg0149","eg0168",1
1,"eg0149","eg0186",1
1,"eg0149","eg0077",2
1,"eg0149","eg0251",3
1,"eg0149","eg0218",3
1,"eg0149","eg0221",4
1,"eg0149","eg0035",4
1,"eg0149","eg0129",4
1,"eg0149","eg0019",6
1,"eg0149","eg0001",6
1,"eg0149","eg0194",6
1,"eg0149","eg0063",6
1,"eg0149","eg0062",8
1,"eg0149","eg0274",9
1,"eg0149","eg0051",9
1,"eg0149","eg0187",9
1,"eg0149","eg0007",10
1,"eg0150","eg0015",1
1,"eg0150","eg0194",1
1,"eg0150","eg0089",2
1,"eg0150","eg0153",3
1,"eg0150","eg0056",3
1,"eg0150","eg0140",3
1,"eg0150","eg0068",3
1,"eg0150","eg0275",4
1,"eg0150","eg0282",4
1,"eg0150","eg0171",4
1,"eg0150","eg0272",6
1,"eg0150","eg0101",7
1,"eg0150","eg0110",7
1,"eg0150","eg0204",7
1,"eg0150","eg0226",7
1,"eg0150","eg0280",10
1,"eg0150","eg0078",10
1,"eg0150","eg0209",10
1,"eg0152","eg0157",1
1,"eg0152","eg0043",1
1,"eg0152","eg0101",1
1,"eg0152","eg0195",2
1,"eg0152","eg0212",3
1,"eg0152","eg0052",3
1,"eg0152","eg0167",4
1,"eg0152","eg0024",4
1,"eg0152","eg0215",7
1,"eg0152","eg0167",7
1,"eg0152","eg0056",7
1,"eg0152","eg0176",8
1,"eg0152","eg0133",8
1,"eg0152","eg0061",10
1,"eg0152","eg0106",10
1,"eg0153","eg0133",1
1,"eg0153","eg0155",1
1,"eg0153","eg0257",1
1,"eg0153","eg0249",1
1,"eg0153","eg0270",2
1,"eg0153","eg0219",2
1,"eg0153","eg0269",3
1,"eg0153","eg0179",4
1,"eg0153","eg0034",4
1,"eg0153","eg0232",5
1,"eg0153","eg0061",5
1,"eg0153","eg0094",6
1,"eg0153","eg0118",6
1,"eg0153","eg0171",6
1,"eg0153","eg0099",6
1,"eg0153","eg0178",7
1,"eg0153","eg0111",7
1,"eg0153","eg0053",7
1,"eg0153","eg0043",7
1,"eg0153","eg0162",8
1,"eg0153","eg0123",9
1,"eg0153","eg0262",9
1,"eg0153","eg0251",9
1,"eg0153","eg0140",10
1,"eg0154","eg0204",1
1,"eg0154","eg0180",2
1,"eg0154","eg0115",2
1,"eg0154","eg0178",2
1,"eg0154","eg0238",2
1,"eg0154","eg0100",6
1,"eg0154","eg0195",6
1,"eg0154","eg0113",6
1,"eg0154","eg0004",7
1,"eg0154","eg0042",7
1,"eg0154","eg0063",7
1,"eg0154","eg0199",7
1,"eg0154","eg0149",8
1,"eg0154","eg0050",8
1,"eg0154","eg0015",8
1,"eg0154","eg0175",8
1,"eg0154","eg0065",9
1,"eg0154","eg0191",9
1,"eg0154","eg0078",9
1,"eg0154","eg0169",10
1,"eg0154","eg0176",10
1,"eg0155","eg0285",1
1,"eg0155","eg0062",1
1,"eg0155","eg0198",1
1,"eg0155","eg0039",2
1,"eg0155","eg0225",2
1,"eg0155","eg0123",2
1,"eg0155","eg0230",5
1,"eg0155","eg0152",5
1,"eg0155","eg0272",6
1,"eg0155","eg0180",6
1,"eg0155","eg0173",6
1,"eg0155","eg0286",6
1,"eg0155","eg0179",7
1,"eg0155","eg0052",8
1,"eg0155","eg0216",10
1,"eg0155","eg0208",10
1,"eg0155","eg0227",10
1,"eg0156","eg0283",1
1,"eg0156","eg0220",1
1,"eg0156","eg0176",1
1,"eg0156","eg0285",1
1,"eg0156","eg0019",2
1,"eg0156","eg0230",2
1,"eg0156","eg0245",2
1,"eg0156","eg0185",2
1,"eg0156","eg0010",3
1,"eg0156","eg0063",4
1,"eg0156","eg0115",4
1,"eg0156","eg0084",4
1,"eg0156","eg0139",4
1,"eg0156","eg0274",5
1,"eg0156","eg0002",5
1,"eg0156","eg0217",5
1,"eg0156","eg0227",5
1,"eg0156","eg0170",6
1,"eg0156","eg0173",7
1,"eg0156","eg0281",7
1,"eg0156","eg0022",7
1,"eg0156","eg0094",7
1,"eg0156","eg0128",8
1,"eg0156","eg0265",8
1,"eg0156","eg0012",8
1,"eg0156","eg0127",8
1,"eg0156","eg0140",9
1,"eg0156","eg0161",9
1,"eg0156","eg0284",10
1,"eg0156","eg0067",10
1,"eg0156","eg0135",10
1,"eg0156","eg0205",10
1,"eg0157","eg0269",1
1,"eg0157","eg0134",1
1,"eg0157","eg0225",2
1,"eg0157","eg0065",4
1,"eg0157","eg0052",4
1,"eg0157","eg0219",5
1,"eg0157","eg0002",5
1,"eg0157","eg0133",6
1,"eg0157","eg0124",6
1,"eg0157","eg0085",6
1,"eg0157","eg0209",7
1,"eg0157","eg0207",7
1,"eg0157","eg0178",7
1,"eg0157","eg0030",7
1,"eg0157","eg0204",8
1,"eg0157","eg0025",9
1,"eg0157","eg0208",10
1,"eg0159","eg0101",1
1,"eg0159","eg0097",1
1,"eg0159","eg0123",3
1,"eg0159","eg0249",3
1,"eg0159","eg0078",3
1,"eg0159","eg0110",4
1,"eg0159","eg0274",6
1,"eg0159","eg0156",7
1,"eg0159","eg0185",9
1,"eg0159","eg0067",10
1,"eg0159","eg0058",10
1,"eg0159","eg0105",10
1,"eg0160","eg0210",1
1,"eg0160","eg0197",1
1,"eg0160","eg0287",1
1,"eg0160","eg0265",2
1,"eg0160","eg0164",2
1,"eg0160","eg0205",2
1,"eg0160","eg0223",3
1,"eg0160","eg0190",3
1,"eg0160","eg0199",3
1,"eg0160","eg0024",3
1,"eg0160","eg0275",4
1,"eg0160","eg0048",4
1,"eg0160","eg0187",4
1,"eg0160","eg0090",6
1,"eg0160","eg0052",6
1,"eg0160","eg0025",7
1,"eg0160","eg0148",7
1,"eg0160","eg0064",10
1,"eg0161","eg0287",2
1,"eg0161","eg0159",2
1,"eg0161","eg0166",3
1,"eg0161","eg0223",3
1,"eg0161","eg0008",5
1,"eg0161","eg0189",5
1,"eg0161","eg0149",5
1,"eg0161","eg0277",5
1,"eg0161","eg0072",7
1,"eg0161","eg0162",7
1,"eg0161","eg0266",8
1,"eg0161","eg0045",8
1,"eg0161","eg0061",8
1,"eg0161","eg0030",9
1,"eg0161","eg0111",9
1,"eg0162","eg0216",2
1,"eg0162","eg0272",2
1,"eg0162","eg0067",2
1,"eg0162","eg0019",2
1,"eg0162","eg0094",4
1,"eg0162","eg0156",5
1,"eg0162","eg0226",5
1,"eg0162","eg0264",5
1,"eg0162","eg0157",5
1,"eg0162","eg0187",6
1,"eg0162","eg0262",6
1,"eg0162","eg0225",6
1,"eg0162","eg0175",7
1,"eg0162","eg0047",7
1,"eg0162","eg0063",8
1,"eg0162","eg0077",8
1,"eg0162","eg0039",8
1,"eg0162","eg0198",8
1,"eg0162","eg0124",9
1,"eg0162","eg0059",10
1,"eg0163","eg0155",3
1,"eg0163","eg0205",3
1,"eg0163","eg0194",3
1,"eg0163","eg0196",3
1,"eg0163","eg0286",4
1,"eg0163","eg0207",6
1,"eg0163","eg0195",6
1,"eg0163","eg0101",6
1,"eg0163","eg0053",6
1,"eg0163","eg0047",7
1,"eg0163","eg0204",7
1,"eg0163","eg0172",8
1,"eg0163","eg0166",8
1,"eg0163","eg0284",8
1,"eg0163","eg0190",8
1,"eg0163","eg0211",9
1,"eg0163","eg0025",9
1,"eg0163","eg0252",10
1,"eg0164","eg0211",1
1,"eg0164","eg0157",1
1,"eg0164","eg0153",1
1,"eg0164","eg0018",2
1,"eg0164","eg0233",2
1,"eg0164","eg0036",2
1,"eg0164","eg0217",2
1,"eg0164","eg0157",3
1,"eg0164","eg0195",3
1,"eg0164","eg0178",4
1,"eg0164","eg0236",4
1,"eg0164","eg0225",4
1,"eg0164","eg0100",5
1,"eg0164","eg0179",6
1,"eg0164","eg0272",6
1,"eg0164","eg0167",6
1,"eg0164","eg0061",6
1,"eg0164","eg0215",7
1,"eg0164","eg0007",7
1,"eg0164","eg0266",8
1,"eg0164","eg0213",8
1,"eg0164","eg0184",8
1,"eg0164","eg0141",10
1,"eg0164","eg0025",10
1,"eg0165","eg0286",1
1,"eg0165","eg0244",2
1,"eg0165","eg0097",2
1,"eg0165","eg0207",2
1,"eg0165","eg0279",3
1,"eg0165","eg0138",5
1,"eg0165","eg0223",5
1,"eg0165","eg0188",5
1,"eg0165","eg0039",7
1,"eg0165","eg0194",7
1,"eg0165","eg0122",7
1,"eg0165","eg0051",9
1,"eg0165","eg0278",9
1,"eg0165","eg0194",9
1,"eg0165","eg0245",9
1,"eg0165","eg0106",10
1,"eg0165","eg0090",10
1,"eg0165","eg0210",10
1,"eg0166","eg0257",1
1,"eg0166","eg0270",1
1,"eg0166","eg0135",3
1,"eg0166","eg0030",3
1,"eg0166","eg0077",5
1,"eg0166","eg0088",5
1,"eg0166","eg0021",6
1,"eg0166","eg0135",7
1,"eg0166","eg0191",7
1,"eg0166","eg0148",7
1,"eg0166","eg0282",7
1,"eg0166","eg0232",8
1,"eg0166","eg0112",9
1,"eg0166","eg0117",9
1,"eg0166","eg0171",9
1,"eg0166","eg0173",10
1,"eg0166","eg0226",10
1,"eg0166","eg0218",10
1,"eg0167","eg0205",1
1,"eg0167","eg0139",2
1,"eg0167","eg0113",2
1,"eg0167","eg0283",4
1,"eg0167","eg0022",4
1,"eg0167","eg0244",4
1,"eg0167","eg0236",6
1,"eg0167","eg0074",6
1,"eg0167","eg0160",7
1,"eg0167","eg0132",7
1,"eg0167","eg0289",9
1,"eg0167","eg0175",9
1,"eg0167","eg0285",10
1,"eg0167","eg0150",10
1,"eg0167","eg0128",10
1,"eg0168","eg0003",1
1,"eg0168","eg0056",1
1,"eg0168","eg0269",2
1,"eg0168","eg0072",3
1,"eg0168","eg0065",4
1,"eg0168","eg0013",5
1,"eg0168","eg0051",6
1,"eg0168","eg0140",6
1,"eg0168","eg0094",6
1,"eg0168","eg0186",7
1,"eg0168","eg0207",7
1,"eg0168","eg0195",7
1,"eg0168","eg0170",9
1,"eg0168","eg0216",10
1,"eg0168","eg0042",10
1,"eg0169","eg0146",1
1,"eg0169","eg0042",1
1,"eg0169","eg0127",1
1,"eg0169","eg0080",1
1,"eg0169","eg0084",2
1,"eg0169","eg0105",2
1,"eg0169","eg0073",3
1,"eg0169","eg0269",3
1,"eg0169","eg0226",4
1,"eg0169","eg0196",4
1,"eg0169","eg0060",4
1,"eg0169","eg0223",4
1,"eg0169","eg0127",6
1,"eg0169","eg0280",6
1,"eg0169","eg0046",7
1,"eg0169","eg0191",7
1,"eg0169","eg0199",7
1,"eg0169","eg0257",7
1,"eg0169","eg0184",8
1,"eg0169","eg0028",8
1,"eg0169","eg0128",8
1,"eg0169","eg0101",8
1,"eg0169","eg0107",10
1,"eg0169","eg0096",10
1,"eg0169","eg0011",10
1,"eg0169","eg0140",10
1,"eg0170","eg0105",1
1,"eg0170","eg0129",1
1,"eg0170","eg0209",1
1,"eg0170","eg0269",2
1,"eg0170","eg0163",2
1,"eg0170","eg0264",2
1,"eg0170","eg0007",2
1,"eg0170","eg0010",4
1,"eg0170","eg0011",4
1,"eg0170","eg0289",5
1,"eg0170","eg0057",7
1,"eg0170","eg0191",7
1,"eg0170","eg0008",7
1,"eg0170","eg0129",9
1,"eg0170","eg0062",10
1,"eg0171","eg0169",1
1,"eg0171","eg0012",2
1,"eg0171","eg0072",3
1,"eg0171","eg0226",3
1,"eg0171","eg0194",3
1,"eg0171","eg0221",4
1,"eg0171","eg0072",4
1,"eg0171","eg0282",4
1,"eg0171","eg0258",5
1,"eg0171","eg0238",5
1,"eg0171","eg0078",5
1,"eg0171","eg0080",6
1,"eg0171","eg0077",7
1,"eg0171","eg0226",7
1,"eg0171","eg0058",7
1,"eg0171","eg0267",9
1,"eg0171","eg0179",10
1,"eg0171","eg0115",10
1,"eg0172","eg0269",1
1,"eg0172","eg0164",2
1,"eg0172","eg0285",2
1,"eg0172","eg0010",2
1,"eg0172","eg0084",4
1,"eg0172","eg0211",5
1,"eg0172","eg0039",5
1,"eg0172","eg0097",5
1,"eg0172","eg0217",6
1,"eg0172","eg0166",6
1,"eg0172","eg0072",6
1,"eg0172","eg0021",6
1,"eg0172","eg0074",8
1,"eg0172","eg0036",8
1,"eg0172","eg0182",9
1,"eg0172","eg0120",10
1,"eg0172","eg0173",10
1,"eg0173","eg0282",3
1,"eg0173","eg0131",4
1,"eg0173","eg0140",5
1,"eg0173","eg0056",6
1,"eg0173","eg0270",6
1,"eg0173","eg0269",6
1,"eg0173","eg0169",7
1,"eg0173","eg0073",7
1,"eg0173","eg0213",8
1,"eg0173","eg0150",8
1,"eg0173","eg0228",8
1,"eg0173","eg0106",8
1,"eg0173","eg0156",9
1,"eg0173","eg0113",9
1,"eg0173","eg0209",9
1,"eg0173","eg0051",10
1,"eg0173","eg0269",10
1,"eg0174","eg0067",1
1,"eg0174","eg0172",2
1,"eg0174","eg0101",2
1,"eg0174","eg0190",2
1,"eg0174","eg0078",4
1,"eg0174","eg0127",4
1,"eg0174","eg0262",4
1,"eg0174","eg0007",4
1,"eg0174","eg0238",5
1,"eg0174","eg0005",5
1,"eg0174","eg0035",5
1,"eg0174","eg0047",7
1,"eg0174","eg0172",8
1,"eg0174","eg0191",8
1,"eg0174","eg0001",8
1,"eg0174","eg0189",8
1,"eg0174","eg0110",9
1,"eg0174","eg0152",9
1,"eg0175","eg0199",1
1,"eg0175","eg0118",1
1,"eg0175","eg0019",1
1,"eg0175","eg0010",2
1,"eg0175","eg0149",2
1,"eg0175","eg0236",3
1,"eg0175","eg0216",6
1,"eg0175","eg0036",6
1,"eg0175","eg0243",6
1,"eg0175","eg0121",8
1,"eg0175","eg0061",9
1,"eg0175","eg0101",10
1,"eg0175","eg0176",10
1,"eg0175","eg0198",10
1,"eg0176","eg0226",1
1,"eg0176","eg0213",3
1,"eg0176","eg0204",3
1,"eg0176","eg0215",3
1,"eg0176","eg0208",4
1,"eg0176","eg0094",4
1,"eg0176","eg0267",4
1,"eg0176","eg0203",4
1,"eg0176","eg0043",5
1,"eg0176","eg0236",5
1,"eg0176","eg0149",5
1,"eg0176","eg0004",5
1,"eg0176","eg0007",6
1,"eg0176","eg0047",7
1,"eg0176","eg0283",8
1,"eg0176","eg0123",8
1,"eg0176","eg0060",8
1,"eg0176","eg0153",8
1,"eg0176","eg0118",9
1,"eg0176","eg0018",10
1,"eg0176","eg0230",10
1,"eg0176","eg0179",10
1,"eg0176","eg0124",10
1,"eg0178","eg0127",2
1,"eg0178","eg0106",2
1,"eg0178","eg0279",2
1,"eg0178","eg0153",3
1,"eg0178","eg0011",3
1,"eg0178","eg0149",4
1,"eg0178","eg0264",4
1,"eg0178","eg0123",4
1,"eg0178","eg0134",4
1,"eg0178","eg0225",5
1,"eg0178","eg0013",5
1,"eg0178","eg0185",5
1,"eg0178","eg0085",5
1,"eg0178","eg0190",6
1,"eg0178","eg0245",6
1,"eg0178","eg0179",7
1,"eg0178","eg0018",7
1,"eg0178","eg0099",7
1,"eg0178","eg0286",7
1,"eg0178","eg0187",8
1,"eg0178","eg0118",9
1,"eg0178","eg0124",9
1,"eg0178","eg0262",10
1,"eg0178","eg0064",10
1,"eg0178","eg0211",10
1,"eg0178","eg0111",10
1,"eg0179","eg0157",1
1,"eg0179","eg0133",1
1,"eg0179","eg0161",1
1,"eg0179","eg0096",2
1,"eg0179","eg0182",2
1,"eg0179","eg0227",2
1,"eg0179","eg0223",2
1,"eg0179","eg0036",3
1,"eg0179","eg0031",3
1,"eg0179","eg0219",3
1,"eg0179","eg0127",4
1,"eg0179","eg0162",4
1,"eg0179","eg0162",5
1,"eg0179","eg0243",6
1,"eg0179","eg0185",6
1,"eg0179","eg0225",7
1,"eg0179","eg0169",8
1,"eg0179","eg0270",8
1,"eg0179","eg0290",9
1,"eg0179","eg0230",9
1,"eg0179","eg0216",9
1,"eg0179","eg0265",9
1,"eg0179","eg0232",10
1,"eg0179","eg0031",10
1,"eg0179","eg0176",10
1,"eg0179","eg0047",10
1,"eg0180","eg0129",2
1,"eg0180","eg0279",3
1,"eg0180","eg0024",3
1,"eg0180","eg0087",5
1,"eg0180","eg0145",6
1,"eg0180","eg0005",6
1,"eg0180","eg0264",7
1,"eg0180","eg0010",7
1,"eg0180","eg0149",8
1,"eg0180","eg0118",9
1,"eg0180","eg0087",10
1,"eg0182","eg0290",1
1,"eg0182","eg0015",1
1,"eg0182","eg0180",1
1,"eg0182","eg0251",2
1,"eg0182","eg0105",2
1,"eg0182","eg0159",2
1,"eg0182","eg0221",2
1,"eg0182","eg0238",3
1,"eg0182","eg0013",6
1,"eg0182","eg0110",6
1,"eg0182","eg0131",6
1,"eg0182","eg0001",7
1,"eg0182","eg0018",7
1,"eg0182","eg0074",8
1,"eg0182","eg0015",8
1,"eg0182","eg0135",8
1,"eg0182","eg0026",8
1,"eg0182","eg0146",9
1,"eg0184","eg0112",2
1,"eg0184","eg0110",2
1,"eg0184","eg0287",2
1,"eg0184","eg0011",2
1,"eg0184","eg0089",4
1,"eg0184","eg0218",4
1,"eg0184","eg0034",4
1,"eg0184","eg0278",4
1,"eg0184","eg0129",5
1,"eg0184","eg0205",5
1,"eg0184","eg0237",5
1,"eg0184","eg0135",6
1,"eg0184","eg0198",6
1,"eg0184","eg0110",6
1,"eg0184","eg0090",7
1,"eg0184","eg0129",7
1,"eg0184","eg0051",8
1,"eg0184","eg0001",10
1,"eg0184","eg0251",10
1,"eg0184","eg0025",10
1,"eg0185","eg0148",1
1,"eg0185","eg0282",1
1,"eg0185","eg0019",1
1,"eg0185","eg0287",1
1,"eg0185","eg0262",2
1,"eg0185","eg0196",2
1,"eg0185","eg0123",3
1,"eg0185","eg0223",3
1,"eg0185","eg0280",3
1,"eg0185","eg0251",4
1,"eg0185","eg0172",4
1,"eg0185","eg0204",5
1,"eg0185","eg0010",5
1,"eg0185","eg0215",5
1,"eg0185","eg0269",5
1,"eg0185","eg0053",6
1,"eg0185","eg0085",6
1,"eg0185","eg0215",6
1,"eg0185","eg0217",7
1,"eg0185","eg0232",7
1,"eg0185","eg0211",8
1,"eg0185","eg0084",10
1,"eg0185","eg0278",10
1,"eg0185","eg0121",10
1,"eg0185","eg0134",10
1,"eg0186","eg0185",2
1,"eg0186","eg0252",2
1,"eg0186","eg0267",3
1,"eg0186","eg0110",3
1,"eg0186","eg0013",6
1,"eg0186","eg0217",6
1,"eg0186","eg0280",6
1,"eg0186","eg0212",6
1,"eg0186","eg0106",7
1,"eg0186","eg0015",7
1,"eg0186","eg0104",8
1,"eg0186","eg0171",8
1,"eg0186","eg0121",8
1,"eg0186","eg0010",9
1,"eg0186","eg0166",9
1,"eg0186","eg0212",9
1,"eg0186","eg0139",9
1,"eg0186","eg0039",10
1,"eg0186","eg0084",10
1,"eg0186","eg0068",10
1,"eg0187","eg0180",2
1,"eg0187","eg0129",3
1,"eg0187","eg0277",3
1,"eg0187","eg0132",4
1,"eg0187","eg0258",4
1,"eg0187","eg0128",4
1,"eg0187","eg0145",4
1,"eg0187","eg0077",5
1,"eg0187","eg0089",5
1,"eg0187","eg0003",5
1,"eg0187","eg0138",5
1,"eg0187","eg0118",6
1,"eg0187","eg0216",6
1,"eg0187","eg0050",6
1,"eg0187","eg0281",7
1,"eg0187","eg0068",7
1,"eg0187","eg0062",9
1,"eg0187","eg0182",9
1,"eg0187","eg0152",9
1,"eg0187","eg0204",9
1,"eg0188","eg0099",1
1,"eg0188","eg0277",1
1,"eg0188","eg0124",2
1,"eg0188","eg0078",2
1,"eg0188","eg0094",4
1,"eg0188","eg0207",5
1,"eg0188","eg0156",5
1,"eg0188","eg0094",5
1,"eg0188","eg0155",6
1,"eg0188","eg0048",6
1,"eg0188","eg0039",6
1,"eg0188","eg0171",7
1,"eg0188","eg0025",7
1,"eg0188","eg0172",7
1,"eg0188","eg0028",8
1,"eg0188","eg0058",8
1,"eg0188","eg0280",8
1,"eg0188","eg0124",8
1,"eg0188","eg0022",9
1,"eg0188","eg0217",9
1,"eg0188","eg0172",9
1,"eg0188","eg0012",10
1,"eg0188","eg0134",10
1,"eg0189","eg0122",1
1,"eg0189","eg0056",1
1,"eg0189","eg0156",2
1,"eg0189","eg0212",2
1,"eg0189","eg0196",3
1,"eg0189","eg0198",3
1,"eg0189","eg0210",5
1,"eg0189","eg0266",5
1,"eg0189","eg0140",5
1,"eg0189","eg0166",6
1,"eg0189","eg0198",7
1,"eg0189","eg0107",8
1,"eg0189","eg0285",9
1,"eg0189","eg0030",9
1,"eg0189","eg0272",10
1,"eg0190","eg0148",1
1,"eg0190","eg0232",1
1,"eg0190","eg0024",2
1,"eg0190","eg0243",3
1,"eg0190","eg0097",3
1,"eg0190","eg0154",3
1,"eg0190","eg0057",3
1,"eg0190","eg0030",4
1,"eg0190","eg0101",5
1,"eg0190","eg0028",5
1,"eg0190","eg0267",6
1,"eg0190","eg0022",6
1,"eg0190","eg0089",7
1,"eg0190","eg0084",7
1,"eg0190","eg0112",7
1,"eg0190","eg0172",8
1,"eg0190","eg0274",8
1,"eg0190","eg0228",8
1,"eg0190","eg0018",8
1,"eg0190","eg0275",10
1,"eg0190","eg0172",10
1,"eg0190","eg0186",10
1,"eg0190","eg0212",10
1,"eg0191","eg0085",1
1,"eg0191","eg0106",1
1,"eg0191","eg0056",1
1,"eg0191","eg0084",2
1,"eg0191","eg0173",2
1,"eg0191","eg0047",4
1,"eg0191","eg0219",5
1,"eg0191","eg0032",6
1,"eg0191","eg0274",6
1,"eg0191","eg0021",6
1,"eg0191","eg0084",7
1,"eg0191","eg0140",7
1,"eg0191","eg0267",7
1,"eg0191","eg0085",7
1,"eg0191","eg0187",9
1,"eg0191","eg0204",9
1,"eg0191","eg0011",9
1,"eg0191","eg0267",9
1,"eg0191","eg0285",10
1,"eg0191","eg0100",10
1,"eg0194","eg0012",1
1,"eg0194","eg0007",1
1,"eg0194","eg0209",1
1,"eg0194","eg0057",1
1,"eg0194","eg0028",3
1,"eg0194","eg0129",4
1,"eg0194","eg0132",4
1,"eg0194","eg0251",4
1,"eg0194","eg0262",4
1,"eg0194","eg0085",5
1,"eg0194","eg0025",6
1,"eg0194","eg0270",6
1,"eg0194","eg0264",7
1,"eg0194","eg0074",7
1,"eg0194","eg0085",7
1,"eg0194","eg0132",7
1,"eg0194","eg0179",9
1,"eg0194","eg0074",9
1,"eg0194","eg0156",9
1,"eg0194","eg0065",10
1,"eg0194","eg0213",10
1,"eg0194","eg0243",10
1,"eg0194","eg0087",10
1,"eg0195","eg0160",1
1,"eg0195","eg0135",2
1,"eg0195","eg0121",2
1,"eg0195","eg0028",2
1,"eg0195","eg0005",3
1,"eg0195","eg0236",3
1,"eg0195","eg0210",3
1,"eg0195","eg0196",4
1,"eg0195","eg0267",4
1,"eg0195","eg0145",4
1,"eg0195","eg0008",4
1,"eg0195","eg0159",5
1,"eg0195","eg0168",6
1,"eg0195","eg0146",6
1,"eg0195","eg0120",6
1,"eg0195","eg0267",8
1,"eg0195","eg0196",9
1,"eg0195","eg0274",10
1,"eg0196","eg0141",2
1,"eg0196","eg0059",2
1,"eg0196","eg0180",5
1,"eg0196","eg0099",6
1,"eg0196","eg0251",6
1,"eg0196","eg0132",6
1,"eg0196","eg0107",7
1,"eg0196","eg0176",7
1,"eg0196","eg0238",7
1,"eg0196","eg0265",8
1,"eg0196","eg0013",9
1,"eg0196","eg0008",9
1,"eg0197","eg0078",5
1,"eg0197","eg0034",5
1,"eg0197","eg0166",6
1,"eg0197","eg0088",6
1,"eg0197","eg0159",6
1,"eg0197","eg0094",6
1,"eg0197","eg0115",7
1,"eg0197","eg0237",7
1,"eg0197","eg0184",8
1,"eg0197","eg0074",8
1,"eg0197","eg0219",8
1,"eg0197","eg0046",9
1,"eg0197","eg0166",9
1,"eg0197","eg0208",10
1,"eg0197","eg0265",10
1,"eg0197","eg0217",10
1,"eg0198","eg0168",1
1,"eg0198","eg0278",1
1,"eg0198","eg0118",1
1,"eg0198","eg0152",1
1,"eg0198","eg0217",2
1,"eg0198","eg0057",2
1,"eg0198","eg0010",2
1,"eg0198","eg0068",3
1,"eg0198","eg0278",3
1,"eg0198","eg0227",3
1,"eg0198","eg0274",4
1,"eg0198","eg0153",4
1,"eg0198","eg0056",5
1,"eg0198","eg0216",5
1,"eg0198","eg0166",5
1,"eg0198","eg0161",6
1,"eg0198","eg0166",6
1,"eg0198","eg0149",6
1,"eg0198","eg0281",7
1,"eg0198","eg0275",7
1,"eg0198","eg0013",7
1,"eg0198","eg0107",7
1,"eg0198","eg0042",8
1,"eg0198","eg0110",8
1,"eg0198","eg0080",9
1,"eg0198","eg0060",9
1,"eg0198","eg0064",9
1,"eg0199","eg0032",1
1,"eg0199","eg0191",2
1,"eg0199","eg0001",2
1,"eg0199","eg0011",4
1,"eg0199","eg0141",4
1,"eg0199","eg0043",5
1,"eg0199","eg0211",5
1,"eg0199","eg0284",5
1,"eg0199","eg0167",5
1,"eg0199","eg0065",6
1,"eg0199","eg0198",6
1,"eg0199","eg0104",6
1,"eg0199","eg0008",7
1,"eg0199","eg0216",8
1,"eg0199","eg0226",8
1,"eg0199","eg0099",9
1,"eg0199","eg0019",9
1,"eg0199","eg0003",9
1,"eg0199","eg0085",10
1,"eg0203","eg0217",1
1,"eg0203","eg0285",1
1,"eg0203","eg0120",1
1,"eg0203","eg0063",1
1,"eg0203","eg0280",2
1,"eg0203","eg0068",2
1,"eg0203","eg0001",2
1,"eg0203","eg0290",4
1,"eg0203","eg0275",5
1,"eg0203","eg0022",5
1,"eg0203","eg0165",6
1,"eg0203","eg0174",7
1,"eg0203","eg0185",7
1,"eg0203","eg0279",7
1,"eg0203","eg0156",7
1,"eg0203","eg0022",8
1,"eg0203","eg0084",9
1,"eg0203","eg0011",10
1,"eg0203","eg0132",10
1,"eg0203","eg0258",10
1,"eg0204","eg0039",1
1,"eg0204","eg0045",2
1,"eg0204","eg0072",2
1,"eg0204","eg0196",2
1,"eg0204","eg0266",3
1,"eg0204","eg0282",3
1,"eg0204","eg0107",3
1,"eg0204","eg0105",5
1,"eg0204","eg0051",6
1,"eg0204","eg0275",6
1,"eg0204","eg0064",7
1,"eg0204","eg0028",9
1,"eg0204","eg0008",10
1,"eg0204","eg0286",10
1,"eg0204","eg0280",10
1,"eg0205","eg0194",1
1,"eg0205","eg0121",2
1,"eg0205","eg0272",2
1,"eg0205","eg0185",2
1,"eg0205","eg0211",2
1,"eg0205","eg0060",3
1,"eg0205","eg0048",3
1,"eg0205","eg0090",3
1,"eg0205","eg0172",3
1,"eg0205","eg0111",4
1,"eg0205","eg0060",4
1,"eg0205","eg0068",4
1,"eg0205","eg0212",5
1,"eg0205","eg0197",5
1,"eg0205","eg0285",6
1,"eg0205","eg0265",6
1,"eg0205","eg0251",6
1,"eg0205","eg0189",6
1,"eg0205","eg0085",7
1,"eg0205","eg0169",7
1,"eg0205","eg0209",9
1,"eg0205","eg0146",9
1,"eg0205","eg0216",9
1,"eg0205","eg0252",9
1,"eg0205","eg0258",10
1,"eg0205","eg0131",10
1,"eg0205","eg0175",10
1,"eg0207","eg0165",1
1,"eg0207","eg0277",1
1,"eg0207","eg0216",2
1,"eg0207","eg0004",2
1,"eg0207","eg0180",2
1,"eg0207","eg0013",3
1,"eg0207","eg0050",3
1,"eg0207","eg0122",4
1,"eg0207","eg0139",4
1,"eg0207","eg0185",4
1,"eg0207","eg0244",5
1,"eg0207","eg0205",5
1,"eg0207","eg0138",6
1,"eg0207","eg0281",6
1,"eg0207","eg0132",6
1,"eg0207","eg0101",7
1,"eg0207","eg0199",7
1,"eg0207","eg0217",7
1,"eg0207","eg0077",7
1,"eg0207","eg0004",8
1,"eg0207","eg0122",9
1,"eg0207","eg0222",9
1,"eg0207","eg0124",9
1,"eg0207","eg0197",9
1,"eg0207","eg0117",10
1,"eg0207","eg0094",10
1,"eg0207","eg0214",10
1,"eg0208","eg0194",1
1,"eg0208","eg0115",1
1,"eg0208","eg0207",2
1,"eg0208","eg0217",2
1,"eg0208","eg0115",3
1,"eg0208","eg0120",3
1,"eg0208","eg0090",5
1,"eg0208","eg0257",7
1,"eg0208","eg0203",7
1,"eg0208","eg0138",8
1,"eg0208","eg0220",8
1,"eg0208","eg0085",9
1,"eg0208","eg0257",9
1,"eg0208","eg0274",10
1,"eg0208","eg0180",10
1,"eg0209","eg0217",2
1,"eg0209","eg0135",2
1,"eg0209","eg0190",4
1,"eg0209","eg0149",4
1,"eg0209","eg0118",4
1,"eg0209","eg0005",4
1,"eg0209","eg0258",5
1,"eg0209","eg0266",5
1,"eg0209","eg0287",5
1,"eg0209","eg0112",5
1,"eg0209","eg0052",6
1,"eg0209","eg0208",7
1,"eg0209","eg0084",7
1,"eg0209","eg0001",7
1,"eg0209","eg0080",7
1,"eg0209","eg0104",8
1,"eg0209","eg0015",8
1,"eg0209","eg0199",10
1,"eg0209","eg0155",10
1,"eg0209","eg0237",10
1,"eg0210","eg0227",1
1,"eg0210","eg0179",1
1,"eg0210","eg0104",2
1,"eg0210","eg0150",3
1,"eg0210","eg0175",4
1,"eg0210","eg0015",5
1,"eg0210","eg0194",5
1,"eg0210","eg0061",5
1,"eg0210","eg0074",6
1,"eg0210","eg0073",6
1,"eg0210","eg0269",6
1,"eg0210","eg0269",7
1,"eg0210","eg0230",7
1,"eg0210","eg0062",8
1,"eg0210","eg0178",8
1,"eg0210","eg0168",9
1,"eg0211","eg0134",2
1,"eg0211","eg0228",2
1,"eg0211","eg0166",3
1,"eg0211","eg0008",3
1,"eg0211","eg0233",3
1,"eg0211","eg0197",3
1,"eg0211","eg0003",4
1,"eg0211","eg0043",4
1,"eg0211","eg0155",4
1,"eg0211","eg0281",4
1,"eg0211","eg0290",7
1,"eg0211","eg0099",7
1,"eg0211","eg0096",7
1,"eg0211","eg0061",7
1,"eg0211","eg0107",8
1,"eg0211","eg0180",8
1,"eg0211","eg0244",8
1,"eg0211","eg0011",8
1,"eg0211","eg0243",10
1,"eg0211","eg0267",10
1,"eg0211","eg0171",10
1,"eg0211","eg0060",10
1,"eg0212","eg0005",2
1,"eg0212","eg0161",3
1,"eg0212","eg0166",3
1,"eg0212","eg0172",4
1,"eg0212","eg0167",5
1,"eg0212","eg0203",5
1,"eg0212","eg0157",6
1,"eg0212","eg0114",6
1,"eg0212","eg0073",6
1,"eg0212","eg0170",7
1,"eg0212","eg0217",7
1,"eg0212","eg0182",7
1,"eg0212","eg0208",8
1,"eg0212","eg0090",8
1,"eg0212","eg0171",8
1,"eg0212","eg0221",8
1,"eg0212","eg0189",10
1,"eg0212","eg0113",10
1,"eg0212","eg0154",10
1,"eg0213","eg0203",1
1,"eg0213","eg0129",1
1,"eg0213","eg0140",2
1,"eg0213","eg0164",2
1,"eg0213","eg0073",2
1,"eg0213","eg0196",3
1,"eg0213","eg0199",3
1,"eg0213","eg0257",3
1,"eg0213","eg0223",3
1,"eg0213","eg0107",4
1,"eg0213","eg0121",4
1,"eg0213","eg0272",4
1,"eg0213","eg0269",4
1,"eg0213","eg0227",5
1,"eg0213","eg0120",5
1,"eg0213","eg0199",5
1,"eg0213","eg0132",6
1,"eg0213","eg0096",7
1,"eg0213","eg0228",7
1,"eg0213","eg0115",7
1,"eg0213","eg0208",8
1,"eg0213","eg0123",8
1,"eg0213","eg0089",8
1,"eg0213","eg0050",8
1,"eg0213","eg0022",9
1,"eg0213","eg0178",9
1,"eg0213","eg0227",9
1,"eg0213","eg0208",10
1,"eg0213","eg0133",10
1,"eg0213","eg0280",10
1,"eg0213","eg0176",10
1,"eg0214","eg0220",3
1,"eg0214","eg0162",3
1,"eg0214","eg0257",3
1,"eg0214","eg0100",4
1,"eg0214","eg0128",5
1,"eg0214","eg0162",5
1,"eg0214","eg0104",5
1,"eg0214","eg0264",6
1,"eg0214","eg0085",6
1,"eg0214","eg0025",6
1,"eg0214","eg0175",6
1,"eg0214","eg0161",8
1,"eg0214","eg0267",8
1,"eg0214","eg0176",8
1,"eg0214","eg0051",9
1,"eg0214","eg0205",9
1,"eg0214","eg0074",9
1,"eg0214","eg0187",9
1,"eg0214","eg0178",10
1,"eg0214","eg0209",10
1,"eg0214","eg0203",10
1,"eg0214","eg0078",10
1,"eg0215","eg0056",2
1,"eg0215","eg0111",2
1,"eg0215","eg0237",3
1,"eg0215","eg0097",3
1,"eg0215","eg0002",3
1,"eg0215","eg0155",4
1,"eg0215","eg0117",4
1,"eg0215","eg0184",4
1,"eg0215","eg0129",4
1,"eg0215","eg0264",5
1,"eg0215","eg0175",7
1,"eg0215","eg0266",8
1,"eg0215","eg0190",8
1,"eg0215","eg0084",9
1,"eg0215","eg0140",10
1,"eg0215","eg0104",10
1,"eg0215","eg0233",10
1,"eg0215","eg0080",10
1,"eg0216","eg0195",1
1,"eg0216","eg0141",2
1,"eg0216","eg0189",2
1,"eg0216","eg0171",2
1,"eg0216","eg0036",4
1,"eg0216","eg0195",6
1,"eg0216","eg0139",6
1,"eg0216","eg0064",6
1,"eg0216","eg0097",6
1,"eg0216","eg0286",7
1,"eg0216","eg0189",7
1,"eg0216","eg0025",8
1,"eg0216","eg0178",8
1,"eg0216","eg0210",9
1,"eg0216","eg0074",9
1,"eg0216","eg0105",9
1,"eg0216","eg0085",10
1,"eg0216","eg0168",10
1,"eg0217","eg0030",1
1,"eg0217","eg0112",1
1,"eg0217","eg0035",2
1,"eg0217","eg0118",2
1,"eg0217","eg0129",2
1,"eg0217","eg0145",6
1,"eg0217","eg0249",6
1,"eg0217","eg0048",7
1,"eg0217","eg0272",7
1,"eg0217","eg0236",7
1,"eg0217","eg0141",7
1,"eg0217","eg0008",8
1,"eg0217","eg0243",9
1,"eg0217","eg0123",9
1,"eg0217","eg0178",10
1,"eg0218","eg0128",1
1,"eg0218","eg0042",1
1,"eg0218","eg0087",1
1,"eg0218","eg0114",2
1,"eg0218","eg0121",2
1,"eg0218","eg0282",2
1,"eg0218","eg0002",2
1,"eg0218","eg0088",3
1,"eg0218","eg0094",4
1,"eg0218","eg0097",4
1,"eg0218","eg0275",4
1,"eg0218","eg0287",4
1,"eg0218","eg0124",5
1,"eg0218","eg0099",5
1,"eg0218","eg0233",5
1,"eg0218","eg0166",6
1,"eg0218","eg0067",7
1,"eg0218","eg0124",7
1,"eg0218","eg0210",8
1,"eg0218","eg0175",8
1,"eg0218","eg0021",8
1,"eg0218","eg0149",9
1,"eg0218","eg0008",9
1,"eg0218","eg0001",9
1,"eg0218","eg0280",10
1,"eg0218","eg0188",10
1,"eg0218","eg0012",10
1,"eg0219","eg0088",1
1,"eg0219","eg0251",1
1,"eg0219","eg0208",1
1,"eg0219","eg0174",1
1,"eg0219","eg0171",2
1,"eg0219","eg0128",2
1,"eg0219","eg0096",3
1,"eg0219","eg0180",3
1,"eg0219","eg0131",5
1,"eg0219","eg0123",5
1,"eg0219","eg0175",5
1,"eg0219","eg0198",5
1,"eg0219","eg0153",6
1,"eg0219","eg0050",7
1,"eg0219","eg0258",7
1,"eg0219","eg0053",8
1,"eg0219","eg0160",8
1,"eg0219","eg0216",9
1,"eg0219","eg0194",9
1,"eg0219","eg0077",9
1,"eg0219","eg0180",9
1,"eg0219","eg0195",10
1,"eg0219","eg0045",10
1,"eg0219","eg0129",10
1,"eg0219","eg0138",10
1,"eg0220","eg0011",1
1,"eg0220","eg0063",1
1,"eg0220","eg0190",1
1,"eg0220","eg0036",2
1,"eg0220","eg0114",2
1,"eg0220","eg0198",3
1,"eg0220","eg0238",3
1,"eg0220","eg0281",4
1,"eg0220","eg0024",4
1,"eg0220","eg0028",5
1,"eg0220","eg0196",5
1,"eg0220","eg0115",5
1,"eg0220","eg0004",5
1,"eg0220","eg0059",6
1,"eg0220","eg0018",8
1,"eg0220","eg0045",8
1,"eg0220","eg0099",8
1,"eg0220","eg0032",9
1,"eg0220","eg0245",9
1,"eg0220","eg0061",10
1,"eg0220","eg0187",10
1,"eg0220","eg0094",10
1,"eg0220","eg0059",10
1,"eg0221","eg0057",1
1,"eg0221","eg0139",1
1,"eg0221","eg0277",1
1,"eg0221","eg0167",1
1,"eg0221","eg0186",2
1,"eg0221","eg0085",3
1,"eg0221","eg0233",3
1,"eg0221","eg0222",3
1,"eg0221","eg0022",4
1,"eg0221","eg0184",5
1,"eg0221","eg0154",5
1,"eg0221","eg0096",5
1,"eg0221","eg0290",6
1,"eg0221","eg0122",6
1,"eg0221","eg0032",6
1,"eg0221","eg0215",7
1,"eg0221","eg0281",7
1,"eg0221","eg0156",7
1,"eg0221","eg0097",7
1,"eg0221","eg0018",8
1,"eg0221","eg0180",8
1,"eg0221","eg0269",8
1,"eg0221","eg0118",8
1,"eg0221","eg0052",9
1,"eg0221","eg0264",9
1,"eg0222","eg0053",1
1,"eg0222","eg0111",1
1,"eg0222","eg0281",2
1,"eg0222","eg0243",2
1,"eg0222","eg0100",2
1,"eg0222","eg0179",2
1,"eg0222","eg0270",3
1,"eg0222","eg0058",3
1,"eg0222","eg0062",3
1,"eg0222","eg0232",5
1,"eg0222","eg0072",6
1,"eg0222","eg0146",6
1,"eg0222","eg0275",6
1,"eg0222","eg0165",6
1,"eg0222","eg0186",8
1,"eg0222","eg0185",9
1,"eg0222","eg0230",10
1,"eg0223","eg0111",3
1,"eg0223","eg0122",3
1,"eg0223","eg0148",3
1,"eg0223","eg0097",4
1,"eg0223","eg0012",4
1,"eg0223","eg0036",4
1,"eg0223","eg0244",5
1,"eg0223","eg0204",5
1,"eg0223","eg0115",5
1,"eg0223","eg0264",6
1,"eg0223","eg0237",6
1,"eg0223","eg0207",6
1,"eg0223","eg0245",6
1,"eg0223","eg0230",7
1,"eg0223","eg0094",7
1,"eg0223","eg0065",7
1,"eg0223","eg0032",7
1,"eg0223","eg0135",8
1,"eg0223","eg0188",9
1,"eg0223","eg0185",10
1,"eg0223","eg0184",10
1,"eg0223","eg0097",10
1,"eg0225","eg0233",1
1,"eg0225","eg0087",1
1,"eg0225","eg0025",1
1,"eg0225","eg0097",3
1,"eg0225","eg0204",4
1,"eg0225","eg0218",4
1,"eg0225","eg0252",5
1,"eg0225","eg0113",5
1,"eg0225","eg0233",5
1,"eg0225","eg0056",5
1,"eg0225","eg0274",7
1,"eg0225","eg0243",7
1,"eg0225","eg0208",7
1,"eg0225","eg0097",8
1,"eg0225","eg0035",8
1,"eg0225","eg0112",8
1,"eg0225","eg0113",9
1,"eg0225","eg0166",9
1,"eg0225","eg0257",9
1,"eg0225","eg0204",10
1,"eg0225","eg0179",10
1,"eg0225","eg0094",10
1,"eg0225","eg0186",10
1,"eg0226","eg0005",1
1,"eg0226","eg0232",1
1,"eg0226","eg0094",2
1,"eg0226","eg0043",3
1,"eg0226","eg0228",3
1,"eg0226","eg0065",3
1,"eg0226","eg0168",3
1,"eg0226","eg0195",4
1,"eg0226","eg0185",4
1,"eg0226","eg0022",4
1,"eg0226","eg0132",5
1,"eg0226","eg0120",5
1,"eg0226","eg0080",6
1,"eg0226","eg0219",6
1,"eg0226","eg0199",6
1,"eg0226","eg0062",6
1,"eg0226","eg0225",7
1,"eg0226","eg0121",7
1,"eg0226","eg0039",7
1,"eg0226","eg0194",8
1,"eg0226","eg0067",8
1,"eg0226","eg0028",8
1,"eg0226","eg0182",9
1,"eg0226","eg0110",9
1,"eg0226","eg0067",9
1,"eg0226","eg0165",10
1,"eg0226","eg0072",10
1,"eg0226","eg0094",10
1,"eg0226","eg0007",10
1,"eg0227","eg0237",1
1,"eg0227","eg0165",1
1,"eg0227","eg0077",1
1,"eg0227","eg0121",1
1,"eg0227","eg0090",3
1,"eg0227","eg0097",3
1,"eg0227","eg0129",3
1,"eg0227","eg0219",3
1,"eg0227","eg0090",4
1,"eg0227","eg0195",4
1,"eg0227","eg0266",4
1,"eg0227","eg0188",4
1,"eg0227","eg0096",5
1,"eg0227","eg0176",5
1,"eg0227","eg0111",5
1,"eg0227","eg0090",5
1,"eg0227","eg0057",6
1,"eg0227","eg0048",6
1,"eg0227","eg0230",6
1,"eg0227","eg0110",6
1,"eg0227","eg0277",7
1,"eg0227","eg0005",7
1,"eg0227","eg0068",7
1,"eg0227","eg0128",8
1,"eg0227","eg0251",8
1,"eg0227","eg0043",8
1,"eg0227","eg0178",9
1,"eg0227","eg0252",9
1,"eg0227","eg0233",9
1,"eg0228","eg0001",1
1,"eg0228","eg0264",1
1,"eg0228","eg0115",1
1,"eg0228","eg0217",2
1,"eg0228","eg0205",3
1,"eg0228","eg0035",3
1,"eg0228","eg0270",5
1,"eg0228","eg0218",5
1,"eg0228","eg0024",5
1,"eg0228","eg0097",7
1,"eg0228","eg0251",7
1,"eg0228","eg0135",7
1,"eg0228","eg0190",7
1,"eg0228","eg0180",8
1,"eg0228","eg0085",8
1,"eg0228","eg0063",8
1,"eg0228","eg0117",9
1,"eg0228","eg0194",9
1,"eg0228","eg0182",9
1,"eg0228","eg0170",10
1,"eg0228","eg0087",10
1,"eg0228","eg0105",10
1,"eg0230","eg0228",1
1,"eg0230","eg0213",2
1,"eg0230","eg0154",4
1,"eg0230","eg0072",4
1,"eg0230","eg0274",4
1,"eg0230","eg0131",4
1,"eg0230","eg0244",5
1,"eg0230","eg0274",5
1,"eg0230","eg0205",6
1,"eg0230","eg0282",6
1,"eg0230","eg0232",6
1,"eg0230","eg0053",7
1,"eg0230","eg0227",7
1,"eg0230","eg0176",7
1,"eg0230","eg0226",8
1,"eg0230","eg0176",9
1,"eg0230","eg0072",9
1,"eg0230","eg0252",10
1,"eg0230","eg0068",10
1,"eg0232","eg0280",2
1,"eg0232","eg0220",4
1,"eg0232","eg0150",4
1,"eg0232","eg0140",4
1,"eg0232","eg0060",5
1,"eg0232","eg0039",5
1,"eg0232","eg0128",5
1,"eg0232","eg0258",7
1,"eg0232","eg0057",7
1,"eg0232","eg0043",8
1,"eg0232","eg0287",8
1,"eg0232","eg0114",9
1,"eg0232","eg0005",10
1,"eg0232","eg0141",10
1,"eg0232","eg0285",10
1,"eg0233","eg0084",1
1,"eg0233","eg0204",1
1,"eg0233","eg0167",1
1,"eg0233","eg0148",2
1,"eg0233","eg0002",2
1,"eg0233","eg0251",2
1,"eg0233","eg0219",3
1,"eg0233","eg0085",4
1,"eg0233","eg0168",4
1,"eg0233","eg0085",5
1,"eg0233","eg0005",5
1,"eg0233","eg0185",6
1,"eg0233","eg0129",7
1,"eg0233","eg0030",7
1,"eg0233","eg0133",7
1,"eg0233","eg0237",7
1,"eg0233","eg0034",8
1,"eg0233","eg0117",9
1,"eg0236","eg0220",1
1,"eg0236","eg0129",1
1,"eg0236","eg0175",1
1,"eg0236","eg0008",2
1,"eg0236","eg0042",2
1,"eg0236","eg0003",2
1,"eg0236","eg0067",2
1,"eg0236","eg0045",3
1,"eg0236","eg0013",4
1,"eg0236","eg0096",4
1,"eg0236","eg0078",4
1,"eg0236","eg0175",5
1,"eg0236","eg0203",6
1,"eg0236","eg0265",6
1,"eg0236","eg0176",6
1,"eg0236","eg0111",7
1,"eg0236","eg0088",8
1,"eg0236","eg0067",8
1,"eg0236","eg0034",8
1,"eg0236","eg0216",9
1,"eg0236","eg0152",10
1,"eg0236","eg0012",10
1,"eg0237","eg0172",1
1,"eg0237","eg0129",3
1,"eg0237","eg0105",4
1,"eg0237","eg0032",5
1,"eg0237","eg0036",6
1,"eg0237","eg0219",6
1,"eg0237","eg0218",7
1,"eg0237","eg0104",8
1,"eg0237","eg0152",9
1,"eg0237","eg0106",9
1,"eg0237","eg0012",9
1,"eg0237","eg0214",9
1,"eg0238","eg0168",1
1,"eg0238","eg0244",2
1,"eg0238","eg0101",2
1,"eg0238","eg0042",2
1,"eg0238","eg0004",2
1,"eg0238","eg0067",3
1,"eg0238","eg0078",3
1,"eg0238","eg0145",3
1,"eg0238","eg0166",3
1,"eg0238","eg0060",4
1,"eg0238","eg0059",4
1,"eg0238","eg0001",6
1,"eg0238","eg0035",6
1,"eg0238","eg0056",6
1,"eg0238","eg0153",8
1,"eg0238","eg0067",8
1,"eg0238","eg0094",8
1,"eg0238","eg0168",8
1,"eg0238","eg0024",9
1,"eg0238","eg0123",9
1,"eg0238","eg0127",10
1,"eg0238","eg0180",10
1,"eg0238","eg0282",10
1,"eg0243","eg0046",1
1,"eg0243","eg0184",1
1,"eg0243","eg0113",1
1,"eg0243","eg0211",1
1,"eg0243","eg0162",2
1,"eg0243","eg0123",2
1,"eg0243","eg0011",2
1,"eg0243","eg0002",3
1,"eg0243","eg0190",3
1,"eg0243","eg0090",3
1,"eg0243","eg0162",4
1,"eg0243","eg0153",4
1,"eg0243","eg0162",5
1,"eg0243","eg0161",5
1,"eg0243","eg0214",6
1,"eg0243","eg0068",6
1,"eg0243","eg0094",6
1,"eg0243","eg0168",9
1,"eg0243","eg0122",9
1,"eg0243","eg0007",9
1,"eg0243","eg0204",9
1,"eg0243","eg0186",10
1,"eg0243","eg0258",10
1,"eg0244","eg0174",1
1,"eg0244","eg0225",1
1,"eg0244","eg0060",1
1,"eg0244","eg0058",2
1,"eg0244","eg0174",2
1,"eg0244","eg0209",2
1,"eg0244","eg0039",3
1,"eg0244","eg0164",3
1,"eg0244","eg0064",3
1,"eg0244","eg0180",6
1,"eg0244","eg0127",6
1,"eg0244","eg0032",7
1,"eg0244","eg0149",7
1,"eg0244","eg0275",7
1,"eg0244","eg0163",7
1,"eg0244","eg0002",8
1,"eg0244","eg0050",8
1,"eg0244","eg0101",9
1,"eg0244","eg0105",10
1,"eg0244","eg0011",10
1,"eg0245","eg0249",1
1,"eg0245","eg0267",2
1,"eg0245","eg0080",2
1,"eg0245","eg0085",2
1,"eg0245","eg0281",3
1,"eg0245","eg0134",4
1,"eg0245","eg0128",5
1,"eg0245","eg0179",5
1,"eg0245","eg0286",6
1,"eg0245","eg0087",6
1,"eg0245","eg0084",6
1,"eg0245","eg0195",6
1,"eg0245","eg0269",7
1,"eg0245","eg0166",7
1,"eg0245","eg0212",7
1,"eg0245","eg0113",7
1,"eg0245","eg0217",8
1,"eg0245","eg0088",8
1,"eg0245","eg0267",8
1,"eg0245","eg0002",10
1,"eg0249","eg0269",2
1,"eg0249","eg0104",3
1,"eg0249","eg0058",3
1,"eg0249","eg0165",3
1,"eg0249","eg0223",3
1,"eg0249","eg0036",4
1,"eg0249","eg0065",4
1,"eg0249","eg0113",6
1,"eg0249","eg0100",6
1,"eg0249","eg0149",6
1,"eg0249","eg0182",8
1,"eg0249","eg0195",8
1,"eg0249","eg0084",9
1,"eg0249","eg0274",9
1,"eg0249","eg0114",10
1,"eg0249","eg0218",10
1,"eg0249","eg0167",10
1,"eg0251","eg0233",1
1,"eg0251","eg0118",2
1,"eg0251","eg0252",2
1,"eg0251","eg0196",2
1,"eg0251","eg0099",2
1,"eg0251","eg0057",3
1,"eg0251","eg0047",5
1,"eg0251","eg0215",5
1,"eg0251","eg0281",6
1,"eg0251","eg0191",6
1,"eg0251","eg0045",7
1,"eg0251","eg0145",7
1,"eg0251","eg0048",7
1,"eg0251","eg0277",7
1,"eg0251","eg0059",8
1,"eg0251","eg0265",8
1,"eg0251","eg0133",8
1,"eg0251","eg0032",8
1,"eg0251","eg0134",9
1,"eg0251","eg0087",9
1,"eg0251","eg0034",10
1,"eg0251","eg0067",10
1,"eg0251","eg0065",10
1,"eg0252","eg0128",1
1,"eg0252","eg0172",1
1,"eg0252","eg0129",1
1,"eg0252","eg0186",1
1,"eg0252","eg0123",4
1,"eg0252","eg0209",4
1,"eg0252","eg0228",4
1,"eg0252","eg0172",4
1,"eg0252","eg0004",5
1,"eg0252","eg0214",5
1,"eg0252","eg0154",7
1,"eg0252","eg0101",7
1,"eg0252","eg0284",8
1,"eg0252","eg0217",9
1,"eg0252","eg0163",9
1,"eg0252","eg0275",9
1,"eg0252","eg0084",10
1,"eg0252","eg0053",10
1,"eg0257","eg0113",1
1,"eg0257","eg0171",1
1,"eg0257","eg0222",2
1,"eg0257","eg0094",2
1,"eg0257","eg0053",2
1,"eg0257","eg0121",2
1,"eg0257","eg0011",3
1,"eg0257","eg0097",3
1,"eg0257","eg0212",3
1,"eg0257","eg0120",3
1,"eg0257","eg0047",5
1,"eg0257","eg0060",5
1,"eg0257","eg0188",5
1,"eg0257","eg0096",5
1,"eg0257","eg0120",7
1,"eg0257","eg0003",7
1,"eg0257","eg0048",7
1,"eg0257","eg0154",7
1,"eg0257","eg0233",8
1,"eg0257","eg0245",8
1,"eg0257","eg0243",8
1,"eg0257","eg0219",9
1,"eg0257","eg0174",9
1,"eg0257","eg0032",9
1,"eg0257","eg0186",9
1,"eg0258","eg0090",1
1,"eg0258","eg0138",1
1,"eg0258","eg0133",2
1,"eg0258","eg0222",2
1,"eg0258","eg0096",2
1,"eg0258","eg0228",8
1,"eg0258","eg0265",8
1,"eg0258","eg0186",9
1,"eg0258","eg0214",10
1,"eg0258","eg0132",10
1,"eg0258","eg0162",10
1,"eg0262","eg0180",1
1,"eg0262","eg0043",2
1,"eg0262","eg0074",3
1,"eg0262","eg0008",3
1,"eg0262","eg0205",3
1,"eg0262","eg0100",4
1,"eg0262","eg0266",4
1,"eg0262","eg0149",5
1,"eg0262","eg0220",5
1,"eg0262","eg0160",5
1,"eg0262","eg0112",6
1,"eg0262","eg0187",6
1,"eg0262","eg0056",6
1,"eg0262","eg0031",6
1,"eg0262","eg0173",7
1,"eg0262","eg0087",7
1,"eg0262","eg0284",8
1,"eg0262","eg0124",8
1,"eg0262","eg0057",8
1,"eg0262","eg0099",9
1,"eg0264","eg0179",1
1,"eg0264","eg0001",1
1,"eg0264","eg0057",2
1,"eg0264","eg0220",2
1,"eg0264","eg0184",2
1,"eg0264","eg0094",3
1,"eg0264","eg0097",3
1,"eg0264","eg0057",5
1,"eg0264","eg0281",5
1,"eg0264","eg0131",6
1,"eg0264","eg0152",6
1,"eg0264","eg0140",6
1,"eg0264","eg0269",7
1,"eg0264","eg0032",8
1,"eg0264","eg0007",8
1,"eg0264","eg0226",8
1,"eg0264","eg0034",8
1,"eg0265","eg0216",2
1,"eg0265","eg0184",3
1,"eg0265","eg0270",3
1,"eg0265","eg0007",3
1,"eg0265","eg0171",3
1,"eg0265","eg0225",4
1,"eg0265","eg0031",4
1,"eg0265","eg0068",4
1,"eg0265","eg0015",4
1,"eg0265","eg0111",5
1,"eg0265","eg0197",6
1,"eg0265","eg0138",6
1,"eg0265","eg0035",6
1,"eg0265","eg0139",6
1,"eg0265","eg0131",8
1,"eg0265","eg0150",8
1,"eg0265","eg0171",9
1,"eg0265","eg0170",9
1,"eg0265","eg0089",9
1,"eg0265","eg0162",9
1,"eg0265","eg0042",10
1,"eg0265","eg0072",10
1,"eg0265","eg0222",10
1,"eg0266","eg0191",1
1,"eg0266","eg0135",1
1,"eg0266","eg0187",1
1,"eg0266","eg0057",2
1,"eg0266","eg0197",2
1,"eg0266","eg0149",2
1,"eg0266","eg0221",2
1,"eg0266","eg0030",3
1,"eg0266","eg0013",3
1,"eg0266","eg0238",3
1,"eg0266","eg0171",3
1,"eg0266","eg0283",4
1,"eg0266","eg0187",4
1,"eg0266","eg0135",5
1,"eg0266","eg0278",5
1,"eg0266","eg0184",5
1,"eg0266","eg0286",5
1,"eg0266","eg0094",7
1,"eg0266","eg0053",7
1,"eg0266","eg0166",7
1,"eg0266","eg0214",8
1,"eg0266","eg0282",8
1,"eg0266","eg0164",8
1,"eg0266","eg0110",10
1,"eg0267","eg0186",1
1,"eg0267","eg0051",3
1,"eg0267","eg0281",4
1,"eg0267","eg0087",5
1,"eg0267","eg0270",6
1,"eg0267","eg0178",6
1,"eg0267","eg0047",6
1,"eg0267","eg0025",6
1,"eg0267","eg0280",8
1,"eg0267","eg0286",8
1,"eg0267","eg0127",9
1,"eg0267","eg0227",9
1,"eg0267","eg0174",9
1,"eg0267","eg0167",10
1,"eg0269","eg0244",1
1,"eg0269","eg0174",1
1,"eg0269","eg0286",1
1,"eg0269","eg0170",2
1,"eg0269","eg0135",5
1,"eg0269","eg0166",7
1,"eg0269","eg0073",7
1,"eg0269","eg0090",7
1,"eg0269","eg0238",7
1,"eg0269","eg0048",9
1,"eg0269","eg0061",9
1,"eg0269","eg0211",9
1,"eg0269","eg0120",10
1,"eg0269","eg0174",10
1,"eg0269","eg0094",10
1,"eg0270","eg0096",1
1,"eg0270","eg0090",1
1,"eg0270","eg0175",2
1,"eg0270","eg0149",2
1,"eg0270","eg0167",3
1,"eg0270","eg0208",3
1,"eg0270","eg0196",3
1,"eg0270","eg0131",3
1,"eg0270","eg0277",4
1,"eg0270","eg0148",4
1,"eg0270","eg0286",4
1,"eg0270","eg0088",5
1,"eg0270","eg0267",5
1,"eg0270","eg0280",5
1,"eg0270","eg0286",6
1,"eg0270","eg0004",6
1,"eg0270","eg0149",7
1,"eg0270","eg0121",7
1,"eg0270","eg0039",7
1,"eg0270","eg0282",7
1,"eg0270","eg0124",8
1,"eg0270","eg0120",8
1,"eg0270","eg0161",8
1,"eg0270","eg0284",9
1,"eg0270","eg0213",9
1,"eg0270","eg0080",10
1,"eg0270","eg0166",10
1,"eg0270","eg0026",10
1,"eg0272","eg0238",1
1,"eg0272","eg0277",1
1,"eg0272","eg0275",1
1,"eg0272","eg0104",1
1,"eg0272","eg0112",2
1,"eg0272","eg0120",3
1,"eg0272","eg0149",3
1,"eg0272","eg0186",3
1,"eg0272","eg0133",3
1,"eg0272","eg0170",4
1,"eg0272","eg0056",4
1,"eg0272","eg0120",6
1,"eg0272","eg0002",6
1,"eg0272","eg0281",7
1,"eg0272","eg0024",7
1,"eg0272","eg0085",8
1,"eg0272","eg0113",8
1,"eg0272","eg0162",8
1,"eg0274","eg0272",1
1,"eg0274","eg0280",1
1,"eg0274","eg0100",1
1,"eg0274","eg0087",1
1,"eg0274","eg0272",2
1,"eg0274","eg0013",3
1,"eg0274","eg0227",3
1,"eg0274","eg0178",3
1,"eg0274","eg0068",4
1,"eg0274","eg0213",4
1,"eg0274","eg0266",4
1,"eg0274","eg0164",5
1,"eg0274","eg0122",7
1,"eg0274","eg0216",7
1,"eg0274","eg0173",9
1,"eg0274","eg0262",9
1,"eg0274","eg0272",10
1,"eg0275","eg0155",1
1,"eg0275","eg0282",1
1,"eg0275","eg0060",1
1,"eg0275","eg0152",2
1,"eg0275","eg0048",2
1,"eg0275","eg0243",2
1,"eg0275","eg0215",3
1,"eg0275","eg0007",4
1,"eg0275","eg0056",4
1,"eg0275","eg0233",4
1,"eg0275","eg0265",5
1,"eg0275","eg0028",5
1,"eg0275","eg0057",5
1,"eg0275","eg0118",5
1,"eg0275","eg0233",6
1,"eg0275","eg0270",6
1,"eg0275","eg0012",8
1,"eg0275","eg0063",8
1,"eg0275","eg0159",8
1,"eg0275","eg0052",9
1,"eg0275","eg0063",10
1,"eg0275","eg0074",10
1,"eg0275","eg0257",10
1,"eg0275","eg0249",10
1,"eg0277","eg0185",1
1,"eg0277","eg0258",2
1,"eg0277","eg0186",3
1,"eg0277","eg0106",7
1,"eg0277","eg0065",7
1,"eg0277","eg0214",7
1,"eg0277","eg0221",8
1,"eg0277","eg0057",8
1,"eg0277","eg0002",9
1,"eg0278","eg0018",2
1,"eg0278","eg0008",2
1,"eg0278","eg0101",3
1,"eg0278","eg0141",3
1,"eg0278","eg0111",4
1,"eg0278","eg0138",4
1,"eg0278","eg0150",4
1,"eg0278","eg0245",4
1,"eg0278","eg0238",5
1,"eg0278","eg0123",5
1,"eg0278","eg0189",5
1,"eg0278","eg0059",6
1,"eg0278","eg0096",6
1,"eg0278","eg0004",6
1,"eg0278","eg0068",6
1,"eg0278","eg0187",8
1,"eg0278","eg0215",8
1,"eg0278","eg0162",9
1,"eg0278","eg0060",9
1,"eg0279","eg0112",1
1,"eg0279","eg0025",1
1,"eg0279","eg0289",1
1,"eg0279","eg0028",1
1,"eg0279","eg0139",2
1,"eg0279","eg0097",2
1,"eg0279","eg0228",2
1,"eg0279","eg0120",2
1,"eg0279","eg0135",3
1,"eg0279","eg0117",3
1,"eg0279","eg0019",3
1,"eg0279","eg0149",3
1,"eg0279","eg0068",4
1,"eg0279","eg0222",4
1,"eg0279","eg0074",4
1,"eg0279","eg0157",5
1,"eg0279","eg0031",5
1,"eg0279","eg0175",5
1,"eg0279","eg0002",5
1,"eg0279","eg0122",7
1,"eg0279","eg0021",8
1,"eg0279","eg0199",8
1,"eg0279","eg0156",9
1,"eg0279","eg0269",9
1,"eg0279","eg0215",9
1,"eg0279","eg0163",10
1,"eg0279","eg0030",10
1,"eg0279","eg0221",10
1,"eg0279","eg0197",10
1,"eg0280","eg0123",1
1,"eg0280","eg0223",2
1,"eg0280","eg0243",2
1,"eg0280","eg0139",2
1,"eg0280","eg0030",3
1,"eg0280","eg0198",3
1,"eg0280","eg0204",3
1,"eg0280","eg0005",4
1,"eg0280","eg0053",4
1,"eg0280","eg0078",4
1,"eg0280","eg0198",4
1,"eg0280","eg0036",6
1,"eg0280","eg0019",7
1,"eg0280","eg0021",7
1,"eg0280","eg0274",7
1,"eg0280","eg0019",8
1,"eg0280","eg0213",8
1,"eg0280","eg0173",10
1,"eg0281","eg0067",2
1,"eg0281","eg0244",2
1,"eg0281","eg0168",2
1,"eg0281","eg0008",2
1,"eg0281","eg0279",3
1,"eg0281","eg0078",3
1,"eg0281","eg0220",4
1,"eg0281","eg0249",4
1,"eg0281","eg0010",5
1,"eg0281","eg0015",5
1,"eg0281","eg0052",5
1,"eg0281","eg0064",6
1,"eg0281","eg0217",6
1,"eg0281","eg0262",7
1,"eg0281","eg0171",7
1,"eg0281","eg0285",7
1,"eg0281","eg0178",8
1,"eg0281","eg0191",9
1,"eg0281","eg0203",9
1,"eg0281","eg0222",10
1,"eg0281","eg0166",10
1,"eg0281","eg0178",10
1,"eg0281","eg0047",10
1,"eg0282","eg0272",1
1,"eg0282","eg0281",1
1,"eg0282","eg0269",1
1,"eg0282","eg0117",1
1,"eg0282","eg0121",2
1,"eg0282","eg0153",3
1,"eg0282","eg0245",3
1,"eg0282","eg0187",3
1,"eg0282","eg0195",4
1,"eg0282","eg0061",4
1,"eg0282","eg0112",4
1,"eg0282","eg0164",5
1,"eg0282","eg0212",5
1,"eg0282","eg0258",5
1,"eg0282","eg0166",5
1,"eg0282","eg0149",6
1,"eg0282","eg0046",6
1,"eg0282","eg0215",8
1,"eg0282","eg0133",8
1,"eg0282","eg0008",8
1,"eg0282","eg0220",8
1,"eg0282","eg0128",9
1,"eg0282","eg0286",9
1,"eg0282","eg0053",10
1,"eg0282","eg0232",10
1,"eg0282","eg0043",10
1,"eg0282","eg0052",10
1,"eg0283","eg0021",1
1,"eg0283","eg0036",1
1,"eg0283","eg0237",1
1,"eg0283","eg0117",1
1,"eg0283","eg0121",2
1,"eg0283","eg0174",2
1,"eg0283","eg0160",3
1,"eg0283","eg0105",3
1,"eg0283","eg0090",3
1,"eg0283","eg0080",4
1,"eg0283","eg0107",4
1,"eg0283","eg0132",4
1,"eg0283","eg0062",5
1,"eg0283","eg0237",5
1,"eg0283","eg0210",5
1,"eg0283","eg0227",7
1,"eg0283","eg0149",8
1,"eg0283","eg0013",8
1,"eg0283","eg0274",8
1,"eg0283","eg0057",10
1,"eg0284","eg0157",2
1,"eg0284","eg0149",3
1,"eg0284","eg0145",4
1,"eg0284","eg0088",4
1,"eg0284","eg0074",4
1,"eg0284","eg0251",4
1,"eg0284","eg0217",5
1,"eg0284","eg0045",5
1,"eg0284","eg0088",5
1,"eg0284","eg0019",5
1,"eg0284","eg0087",6
1,"eg0284","eg0161",6
1,"eg0284","eg0289",6
1,"eg0284","eg0097",6
1,"eg0284","eg0115",9
1,"eg0284","eg0028",9
1,"eg0284","eg0265",9
1,"eg0284","eg0080",9
1,"eg0284","eg0275",10
1,"eg0284","eg0131",10
1,"eg0284","eg0058",10
1,"eg0285","eg0184",1
1,"eg0285","eg0278",2
1,"eg0285","eg0175",2
1,"eg0285","eg0226",2
1,"eg0285","eg0114",2
1,"eg0285","eg0026",3
1,"eg0285","eg0277",3
1,"eg0285","eg0117",3
1,"eg0285","eg0088",4
1,"eg0285","eg0114",4
1,"eg0285","eg0056",4
1,"eg0285","eg0198",5
1,"eg0285","eg0106",5
1,"eg0285","eg0221",5
1,"eg0285","eg0199",6
1,"eg0285","eg0270",6
1,"eg0285","eg0118",7
1,"eg0285","eg0161",7
1,"eg0285","eg0073",8
1,"eg0285","eg0042",8
1,"eg0285","eg0064",8
1,"eg0285","eg0173",9
1,"eg0285","eg0171",10
1,"eg0286","eg0117",2
1,"eg0286","eg0148",2
1,"eg0286","eg0272",2
1,"eg0286","eg0170",5
1,"eg0286","eg0155",5
1,"eg0286","eg0010",5
1,"eg0286","eg0167",5
1,"eg0286","eg0063",7
1,"eg0286","eg0245",7
1,"eg0286","eg0073",7
1,"eg0286","eg0032",8
1,"eg0286","eg0252",8
1,"eg0286","eg0074",8
1,"eg0287","eg0173",1
1,"eg0287","eg0121",1
1,"eg0287","eg0249",1
1,"eg0287","eg0225",2
1,"eg0287","eg0062",3
1,"eg0287","eg0262",3
1,"eg0287","eg0128",3
1,"eg0287","eg0096",3
1,"eg0287","eg0100",6
1,"eg0287","eg0112",6
1,"eg0287","eg0078",6
1,"eg0287","eg0197",6
1,"eg0287","eg0252",8
1,"eg0287","eg0153",8
1,"eg0287","eg0230",8
1,"eg0287","eg0185",9
1,"eg0287","eg0279",9
1,"eg0287","eg0267",10
1,"eg0289","eg0173",1
1,"eg0289","eg0277",1
1,"eg0289","eg0002",1
1,"eg0289","eg0135",1
1,"eg0289","eg0157",2
1,"eg0289","eg0008",3
1,"eg0289","eg0211",5
1,"eg0289","eg0164",5
1,"eg0289","eg0012",5
1,"eg0289","eg0051",6
1,"eg0289","eg0065",6
1,"eg0289","eg0132",6
1,"eg0289","eg0107",6
1,"eg0289","eg0057",9
1,"eg0290","eg0061",1
1,"eg0290","eg0030",1
1,"eg0290","eg0178",1
1,"eg0290","eg0085",1
1,"eg0290","eg0111",3
1,"eg0290","eg0118",3
1,"eg0290","eg0074",4
1,"eg0290","eg0283",4
1,"eg0290","eg0087",4
1,"eg0290","eg0232",4
1,"eg0290","eg0022",5
1,"eg0290","eg0189",5
1,"eg0290","eg0080",5
1,"eg0290","eg0064",6
1,"eg0290","eg0208",6
1,"eg0290","eg0219",6
1,"eg0290","eg0154",7
1,"eg0290","eg0258",7
1,"eg0290","eg0121",7
1,"eg0290","eg0146",8
1,"eg0290","eg0275",8
1,"eg0290","eg0285",9
1,"eg0290","eg0251",10
1,"eg0290","eg0204",10
